severity_binary,speed_limit,vehicles_involved,casualties,fatalities,driver_age,hour,month_num,is_night,is_peak_hour,is_rainy,is_weekend,alcohol_flag
1,61,5,0,4,66,1,5,1,0,0,0,1
0,92,5,5,4,60,21,1,1,0,0,0,1
0,120,5,6,5,26,5,5,1,0,0,0,0
0,76,3,10,5,34,0,6,1,0,1,1,1
0,115,5,7,1,30,11,8,0,0,0,0,0
1,48,1,6,2,44,8,11,0,1,0,0,1
1,111,2,9,5,48,18,10,0,1,0,0,0
0,62,3,1,5,42,11,12,0,0,0,0,0
1,35,3,7,1,53,8,7,0,1,0,1,0
1,110,2,3,2,50,2,8,1,0,0,1,1
0,35,5,1,3,49,22,4,1,0,0,0,0
1,46,3,1,4,41,16,8,0,0,0,0,0
1,46,1,2,3,55,23,9,1,0,0,1,0
1,98,5,0,0,44,6,6,0,0,0,0,0
1,47,3,6,3,54,18,8,0,1,0,0,0
0,60,4,4,5,44,12,8,0,0,0,0,0
0,90,2,7,4,51,12,10,0,0,1,1,0
1,114,5,10,2,51,18,10,0,1,0,0,0
1,80,3,7,1,55,10,11,0,1,1,0,1
1,46,3,7,5,57,6,4,0,0,0,1,1
1,30,5,6,3,20,8,6,0,1,1,0,1
1,55,2,10,3,41,1,2,1,0,0,0,0
1,34,1,9,4,23,18,7,0,1,0,0,1
1,106,3,1,3,48,13,12,0,0,0,0,0
1,31,1,1,1,20,3,2,1,0,0,0,0
1,92,3,2,2,43,11,8,0,0,0,0,1
0,71,2,7,5,65,15,4,0,0,0,0,0
1,90,1,10,1,64,0,8,1,0,0,0,0
1,83,2,8,0,31,15,3,0,0,0,0,0
0,33,3,2,1,24,10,5,0,1,0,1,1
1,69,2,7,0,51,15,3,0,0,0,0,0
1,53,1,0,3,63,9,11,0,1,0,0,0
1,82,5,6,2,68,23,7,1,0,0,1,0
0,79,3,7,2,41,12,7,0,0,0,0,1
0,30,2,8,3,40,17,8,0,1,0,1,1
1,106,3,9,5,25,11,2,0,0,0,1,1
1,102,2,3,1,32,16,1,0,0,0,0,0
0,48,2,1,5,69,19,7,0,1,0,0,0
0,32,5,5,3,65,17,6,0,1,0,1,0
1,59,1,4,1,60,6,2,0,0,0,0,0
1,88,2,5,5,53,17,2,0,1,1,0,0
1,83,5,2,2,56,20,7,1,0,0,0,0
0,58,2,2,5,47,7,4,0,0,0,0,0
1,30,5,2,5,20,7,12,0,0,1,1,1
1,104,1,8,1,42,10,2,0,1,0,1,0
0,93,3,1,5,44,22,2,1,0,1,0,1
0,82,3,4,4,53,9,11,0,1,0,0,0
1,82,5,0,2,48,19,1,0,1,1,0,1
1,108,2,2,5,37,5,10,1,0,0,0,1
0,41,4,9,4,49,4,5,1,0,0,1,0
1,61,4,3,5,51,0,12,1,0,1,0,0
0,109,2,6,2,30,18,5,0,1,1,0,0
1,30,4,1,3,57,22,8,1,0,0,0,0
0,114,5,1,4,25,9,5,0,1,0,1,1
1,37,4,6,4,22,5,4,1,0,0,1,1
1,50,2,1,5,44,20,10,1,0,0,0,0
1,89,1,8,1,20,0,2,1,0,0,1,0
1,117,2,9,2,59,22,2,1,0,1,0,1
1,45,5,7,4,56,0,11,1,0,1,0,0
1,70,3,8,3,62,7,4,0,0,0,0,1
1,60,1,6,4,56,8,8,0,1,0,1,0
0,95,1,0,0,51,7,1,0,0,0,0,0
1,31,2,6,0,54,6,6,0,0,0,1,0
0,85,1,6,3,55,10,10,0,1,0,1,0
1,110,5,2,3,48,21,6,1,0,0,0,1
1,90,3,3,2,66,10,8,0,1,0,1,0
1,61,1,5,0,35,20,2,1,0,0,0,0
1,35,3,0,4,23,15,2,0,0,0,1,1
1,85,4,2,5,65,17,8,0,1,1,0,0
1,99,2,0,0,59,5,4,1,0,0,1,0
1,30,3,0,3,41,0,5,1,0,0,0,0
1,97,4,0,2,68,16,6,0,0,0,0,1
1,105,3,2,3,59,13,3,0,0,0,0,0
1,94,5,6,2,45,2,4,1,0,0,0,1
0,44,4,10,2,42,5,10,1,0,0,0,1
0,66,3,6,2,25,16,4,0,0,0,1,1
1,77,5,1,4,63,4,1,1,0,1,0,1
1,38,4,10,3,57,0,4,1,0,0,0,1
0,43,1,3,2,60,19,4,0,1,0,1,0
1,41,1,3,1,62,9,2,0,1,0,1,0
1,30,5,1,3,49,15,4,0,0,0,0,0
1,68,5,10,3,61,17,12,0,1,1,0,1
0,74,4,10,0,21,9,8,0,1,0,0,0
0,101,2,5,5,45,16,6,0,0,0,0,1
0,33,5,10,1,24,8,5,0,1,0,1,1
1,57,4,7,1,49,12,5,0,0,0,0,0
0,43,1,1,1,60,17,10,0,1,1,0,1
0,81,1,8,2,18,2,7,1,0,0,1,1
1,67,4,1,1,63,3,3,1,0,0,0,0
1,98,4,6,0,64,2,2,1,0,0,1,1
1,73,2,4,3,18,11,10,0,0,0,0,0
0,95,2,3,0,36,23,11,1,0,0,0,1
0,82,2,4,4,27,12,5,0,0,0,1,1
1,74,1,3,1,57,14,8,0,0,1,1,0
1,47,3,7,3,37,9,7,0,1,0,0,0
0,36,4,5,3,34,1,4,1,0,0,1,0
1,59,1,3,3,55,12,8,0,0,1,1,1
1,37,5,10,5,40,16,8,0,0,1,0,0
0,73,2,1,2,61,12,2,0,0,0,1,1
1,60,2,9,0,58,12,12,0,0,0,0,1
0,84,1,6,3,52,13,9,0,0,0,1,0
1,100,4,4,4,62,10,12,0,1,0,1,0
1,98,4,5,3,44,6,8,0,0,1,1,0
0,86,3,10,3,30,5,4,1,0,0,0,1
1,50,1,0,0,20,7,3,0,0,0,1,1
1,49,1,8,5,51,15,6,0,0,0,1,1
1,102,4,5,4,29,10,8,0,1,0,0,0
1,86,2,2,2,27,5,5,1,0,0,0,1
1,103,5,2,4,64,20,9,1,0,0,0,0
0,41,4,8,4,37,11,8,0,0,0,1,1
1,111,4,3,5,59,18,10,0,1,0,0,0
1,92,4,9,4,20,22,12,1,0,0,0,0
1,32,5,4,5,26,3,6,1,0,0,0,1
0,50,1,10,5,61,8,10,0,1,0,0,0
1,83,3,9,5,34,3,5,1,0,1,0,1
1,120,5,5,0,22,18,10,0,1,0,0,0
0,66,3,0,0,50,2,5,1,0,0,0,1
1,69,4,0,1,24,13,2,0,0,0,0,0
0,73,5,10,1,50,3,6,1,0,0,0,1
1,86,3,8,4,37,17,6,0,1,1,1,0
1,81,4,3,1,45,21,7,1,0,1,0,0
0,61,2,10,0,47,17,5,0,1,1,1,0
0,35,3,10,4,31,22,5,1,0,0,0,0
1,77,5,7,3,63,16,4,0,0,0,0,0
1,119,1,1,2,49,10,10,0,1,0,0,0
1,30,5,10,5,39,4,2,1,0,0,0,0
1,88,1,0,3,53,20,6,1,0,1,1,1
1,80,5,10,1,32,21,11,1,0,1,0,1
0,49,5,4,4,57,22,5,1,0,0,0,1
1,96,2,8,2,43,6,5,0,0,1,0,1
1,79,3,0,4,54,20,11,1,0,0,1,1
1,35,3,2,2,55,20,7,1,0,0,0,1
1,95,5,10,2,18,4,10,1,0,0,0,1
1,31,3,5,3,42,23,6,1,0,1,1,0
0,70,1,9,0,50,6,8,0,0,0,1,0
0,55,1,9,1,67,22,1,1,0,0,0,0
1,107,2,0,5,45,22,9,1,0,0,0,0
1,44,5,10,4,34,6,6,0,0,0,0,0
1,68,2,4,4,43,8,9,0,1,0,0,1
1,53,1,1,5,18,20,7,1,0,0,0,0
0,119,4,5,4,29,7,12,0,0,0,0,0
0,56,4,0,2,61,0,5,1,0,0,0,0
1,117,1,1,0,21,10,11,0,1,0,0,0
1,52,2,5,5,51,23,8,1,0,1,1,0
0,53,1,0,1,48,8,3,0,1,0,0,1
1,54,1,6,1,29,2,5,1,0,1,0,1
0,119,3,0,3,51,23,9,1,0,0,0,1
1,101,4,4,1,35,4,6,1,0,0,1,1
0,86,3,0,0,62,12,7,0,0,0,0,0
1,56,5,5,1,70,6,6,0,0,0,1,0
1,69,1,3,2,41,14,4,0,0,0,1,1
0,54,5,8,2,43,7,11,0,0,0,1,1
1,38,3,9,0,59,2,3,1,0,0,1,0
1,54,1,6,5,51,14,2,0,0,0,1,0
0,67,5,9,1,58,20,3,1,0,0,0,1
1,69,1,3,3,40,21,4,1,0,0,0,0
1,69,4,4,5,44,19,7,0,1,0,0,0
1,90,3,9,0,48,20,1,1,0,0,1,1
1,35,1,5,1,62,6,3,0,0,0,1,0
0,118,1,10,1,44,7,9,0,0,1,0,0
1,75,2,9,0,61,2,9,1,0,1,0,0
0,116,2,1,2,62,20,10,1,0,0,0,1
1,120,3,3,0,51,14,8,0,0,0,1,1
0,73,1,3,1,53,15,12,0,0,0,0,0
1,40,5,2,0,35,12,7,0,0,0,1,0
0,31,5,1,3,43,12,8,0,0,0,1,0
0,45,1,4,4,40,15,11,0,0,0,0,0
1,100,3,7,0,31,20,5,1,0,0,1,0
1,64,3,2,0,36,17,8,0,1,0,0,1
0,78,3,3,1,63,5,12,1,0,0,0,1
1,91,5,0,0,67,4,9,1,0,0,1,0
1,66,5,9,0,61,2,12,1,0,0,0,1
1,34,2,9,5,51,4,1,1,0,0,1,0
1,73,5,1,1,64,19,8,0,1,1,0,0
0,67,5,6,4,67,17,10,0,1,0,1,0
0,108,4,9,0,47,23,9,1,0,1,1,1
0,65,5,8,1,67,20,10,1,0,0,0,0
1,78,4,9,3,62,13,7,0,0,1,1,1
1,49,2,0,2,60,3,12,1,0,0,1,0
0,87,2,0,0,49,9,9,0,1,1,0,1
1,91,2,3,4,35,20,3,1,0,0,0,1
0,111,5,5,4,58,10,7,0,1,0,1,0
1,99,5,4,4,58,23,1,1,0,0,1,0
1,58,5,4,4,47,6,5,0,0,0,0,0
1,117,1,2,5,50,17,4,0,1,0,0,0
1,40,2,3,2,48,5,6,1,0,1,1,1
0,35,4,6,5,47,5,6,1,0,0,0,1
1,48,1,8,0,28,3,8,1,0,0,0,0
0,118,3,7,4,22,5,5,1,0,0,1,1
1,53,5,1,4,26,0,2,1,0,0,0,1
0,38,3,0,2,69,3,7,1,0,0,1,0
0,62,5,6,4,38,22,12,1,0,0,0,1
1,90,1,8,3,43,20,4,1,0,0,0,0
1,40,3,9,3,40,20,1,1,0,0,1,0
1,51,4,6,3,47,12,2,0,0,0,0,0
1,83,5,2,0,40,7,6,0,0,0,0,0
1,55,3,6,3,64,22,10,1,0,0,0,1
0,106,4,1,3,45,0,6,1,0,0,0,1
0,120,5,5,2,40,4,4,1,0,0,1,0
0,117,4,9,2,60,12,5,0,0,0,0,1
1,50,1,3,0,29,13,6,0,0,0,0,1
0,32,4,5,0,60,3,11,1,0,1,0,1
1,32,1,9,1,23,15,6,0,0,0,0,1
1,106,2,7,0,22,19,10,0,1,0,0,0
1,34,5,6,1,38,14,8,0,0,0,1,0
1,41,3,6,2,22,12,1,0,0,0,0,0
0,120,5,1,4,67,2,8,1,0,0,0,0
1,84,2,8,2,66,8,2,0,1,0,0,0
0,49,4,9,4,53,13,11,0,0,0,1,1
0,79,1,2,3,54,11,10,0,0,0,0,0
1,95,4,9,4,27,21,2,1,0,0,0,0
1,105,5,1,2,58,0,5,1,0,1,0,1
0,111,1,0,2,36,4,11,1,0,0,0,1
0,75,2,9,3,44,13,5,0,0,0,0,0
1,50,3,8,0,40,1,5,1,0,0,0,1
1,98,4,0,3,27,0,10,1,0,0,1,0
0,93,3,3,3,22,5,3,1,0,0,0,0
1,102,1,10,0,63,20,9,1,0,0,0,1
0,38,1,2,1,69,14,1,0,0,0,0,0
1,118,3,7,3,47,21,3,1,0,0,0,1
1,120,5,9,1,28,17,5,0,1,0,0,1
1,99,4,2,4,50,22,11,1,0,0,1,1
0,30,2,8,0,20,9,6,0,1,0,0,1
0,43,5,1,2,67,13,11,0,0,1,0,1
0,62,2,3,5,50,16,8,0,0,0,0,0
1,67,2,1,0,33,19,11,0,1,0,1,1
0,54,2,7,4,26,16,4,0,0,0,0,0
0,97,1,10,3,45,11,5,0,0,1,0,0
0,68,1,7,4,19,13,12,0,0,1,0,0
0,110,2,10,2,38,17,4,0,1,0,1,1
1,35,5,5,0,62,22,4,1,0,1,0,0
1,42,2,3,3,38,0,1,1,0,0,0,1
1,100,2,10,4,30,17,12,0,1,0,0,0
1,109,2,0,4,48,14,6,0,0,0,0,0
1,59,1,0,4,60,13,8,0,0,0,0,1
1,86,3,4,2,67,21,12,1,0,0,0,0
1,75,3,7,0,66,11,12,0,0,1,0,1
1,49,2,2,2,50,21,4,1,0,0,0,0
1,106,5,5,1,49,4,6,1,0,0,0,0
1,118,2,6,5,25,9,4,0,1,1,0,0
1,112,4,8,4,38,13,8,0,0,0,0,1
1,88,4,9,3,19,16,11,0,0,0,0,0
1,85,5,2,4,52,8,1,0,1,0,0,1
1,46,1,6,2,37,8,8,0,1,0,0,1
0,45,5,0,4,32,8,4,0,1,0,0,1
1,62,5,1,5,39,7,3,0,0,0,0,0
0,65,1,0,1,19,22,2,1,0,0,0,1
1,66,4,10,0,23,0,10,1,0,0,0,0
0,91,4,4,3,47,0,1,1,0,0,0,0
1,46,3,6,1,44,16,9,0,0,0,0,1
0,119,1,1,2,40,6,5,0,0,0,0,1
1,57,1,9,3,39,17,3,0,1,0,0,1
1,115,4,10,2,32,17,5,0,1,0,0,0
1,85,5,10,5,48,23,7,1,0,0,1,0
1,103,4,3,5,29,2,1,1,0,0,1,0
1,46,1,2,3,27,14,11,0,0,0,0,0
0,81,4,7,5,35,20,1,1,0,0,1,1
0,31,3,9,4,58,9,11,0,1,0,0,0
0,90,3,9,0,65,10,8,0,1,0,0,1
1,61,5,3,0,18,6,7,0,0,0,0,1
1,66,3,1,3,54,23,8,1,0,0,0,1
1,44,3,3,3,56,19,1,0,1,0,0,0
1,69,3,9,3,61,20,11,1,0,0,0,1
1,98,5,8,3,51,3,3,1,0,0,0,0
1,37,5,4,1,68,1,6,1,0,0,0,0
1,39,4,1,0,40,20,6,1,0,0,0,1
1,60,3,0,2,34,12,5,0,0,1,0,1
0,61,5,1,5,52,18,10,0,1,0,0,0
1,54,3,0,5,50,8,6,0,1,0,0,1
0,82,5,8,1,61,6,1,0,0,1,0,0
1,76,4,5,0,26,8,9,0,1,0,0,1
1,116,3,8,1,24,4,3,1,0,0,1,0
1,60,2,4,3,56,22,2,1,0,0,0,0
1,103,2,10,4,51,6,8,0,0,0,1,1
1,32,3,0,2,70,17,7,0,1,0,1,1
1,109,5,7,4,61,21,12,1,0,0,0,1
0,62,1,3,1,62,14,11,0,0,0,0,0
1,46,2,5,3,51,23,1,1,0,0,0,1
1,70,2,1,2,46,12,7,0,0,1,0,0
1,87,3,0,2,58,6,1,0,0,0,1,1
1,67,3,5,4,51,8,10,0,1,0,0,0
0,105,5,9,1,59,0,2,1,0,0,0,1
1,120,3,4,5,31,13,2,0,0,0,0,1
1,112,1,5,3,20,9,10,0,1,0,0,0
0,54,3,9,1,19,4,5,1,0,0,1,1
0,40,2,1,3,41,4,6,1,0,0,0,0
1,40,2,8,4,23,21,12,1,0,0,1,0
0,65,5,5,0,42,0,7,1,0,1,0,0
1,103,4,7,0,70,0,5,1,0,0,0,1
1,32,2,1,1,70,13,11,0,0,0,0,1
1,37,5,8,1,25,14,2,0,0,0,0,1
1,114,4,7,4,50,8,2,0,1,0,0,1
1,72,5,3,3,37,3,12,1,0,0,1,1
0,80,5,8,5,19,14,7,0,0,0,1,1
0,61,5,0,4,53,13,5,0,0,0,0,0
1,90,1,6,0,69,15,3,0,0,0,0,0
1,71,1,7,4,31,0,2,1,0,0,1,1
1,88,2,9,4,59,14,8,0,0,0,1,0
1,68,1,0,2,32,6,4,0,0,0,1,1
0,42,1,2,4,57,7,5,0,0,0,1,0
0,58,2,4,5,18,2,10,1,0,0,0,0
1,100,5,3,5,18,18,9,0,1,0,0,0
1,111,4,3,3,31,13,3,0,0,1,0,0
1,89,1,2,4,58,15,3,0,0,0,1,0
0,61,4,8,2,35,17,3,0,1,0,1,0
0,90,2,8,5,49,9,9,0,1,0,0,0
0,99,3,8,0,29,0,9,1,0,0,0,1
1,111,4,5,4,37,17,1,0,1,0,0,1
0,98,1,3,1,56,0,1,1,0,0,0,1
0,37,2,4,0,67,12,7,0,0,1,0,0
1,67,1,10,5,45,15,1,0,0,0,0,1
1,78,5,3,1,56,10,2,0,1,0,1,0
1,73,4,8,4,70,8,8,0,1,1,0,0
1,41,3,6,1,24,8,3,0,1,0,0,0
1,100,5,0,1,52,17,2,0,1,0,0,0
1,54,3,10,0,54,19,7,0,1,0,0,0
0,84,5,5,1,61,2,12,1,0,0,0,0
1,103,4,4,1,58,14,7,0,0,0,0,1
0,103,3,8,5,62,8,10,0,1,1,1,0
1,97,5,10,4,28,21,9,1,0,1,1,0
1,60,1,1,3,48,23,9,1,0,0,1,1
1,38,5,1,0,49,12,7,0,0,0,0,0
1,56,4,0,2,56,14,1,0,0,0,0,0
1,100,2,9,2,59,14,8,0,0,0,0,0
1,79,2,9,5,22,0,6,1,0,0,0,0
1,104,4,0,4,18,9,6,0,1,0,0,1
1,40,1,10,2,60,13,6,0,0,0,1,0
1,49,4,2,5,49,11,12,0,0,0,1,1
1,93,3,10,4,70,14,8,0,0,0,1,1
0,59,4,10,1,48,1,1,1,0,0,1,0
1,46,2,6,2,49,15,12,0,0,0,1,1
1,49,5,9,2,34,4,1,1,0,0,0,1
1,46,4,4,5,62,18,1,0,1,1,0,1
1,109,2,0,2,21,21,4,1,0,1,1,1
0,96,3,2,4,53,20,1,1,0,0,1,1
1,35,5,6,0,40,5,5,1,0,1,0,1
1,95,2,6,1,21,8,1,0,1,0,0,1
1,75,5,10,0,37,5,7,1,0,0,0,1
1,49,3,9,1,36,23,2,1,0,1,0,0
1,65,2,7,1,35,13,4,0,0,1,0,1
1,101,2,1,5,45,14,12,0,0,1,0,0
1,106,5,7,2,54,8,4,0,1,0,1,1
0,101,2,3,1,49,20,8,1,0,0,0,1
1,68,4,8,0,50,14,7,0,0,0,1,1
1,66,5,4,1,34,13,6,0,0,0,0,0
1,118,2,10,2,42,21,11,1,0,1,0,1
1,71,4,1,0,20,12,2,0,0,0,1,0
1,30,2,6,4,66,3,3,1,0,0,1,0
1,32,5,3,3,60,7,8,0,0,0,1,1
1,107,2,2,5,60,16,5,0,0,0,0,0
0,112,1,0,2,37,0,5,1,0,0,1,0
1,78,5,10,0,44,13,1,0,0,0,1,0
1,31,1,5,3,20,19,9,0,1,1,0,1
0,104,3,2,0,43,14,10,0,0,0,0,1
0,72,5,5,4,22,14,5,0,0,1,0,1
1,107,1,8,5,20,17,9,0,1,1,0,1
1,52,1,6,3,70,22,2,1,0,0,0,0
1,57,4,3,4,51,20,11,1,0,0,1,1
1,105,5,5,2,26,1,6,1,0,0,0,1
0,56,4,10,3,37,11,9,0,0,0,1,1
1,99,5,0,4,50,2,4,1,0,1,0,0
0,48,4,8,3,47,0,12,1,0,0,0,1
0,59,5,5,3,32,23,4,1,0,1,0,1
1,51,3,9,5,45,5,9,1,0,0,0,0
0,115,4,2,1,48,14,12,0,0,1,1,0
1,46,2,8,5,43,13,2,0,0,0,0,0
0,69,2,5,3,64,3,6,1,0,1,0,0
1,119,4,1,0,37,2,11,1,0,0,0,1
1,60,5,2,1,42,6,7,0,0,1,0,0
1,46,2,4,1,23,17,1,0,1,0,0,0
0,103,1,8,0,47,15,11,0,0,0,1,1
1,75,4,7,2,55,20,5,1,0,0,1,1
1,75,5,1,4,39,12,10,0,0,0,0,0
1,56,3,10,4,39,14,5,0,0,1,1,1
0,57,3,9,3,59,18,2,0,1,0,0,1
1,45,5,9,5,52,13,1,0,0,0,0,1
0,88,4,3,0,69,10,8,0,1,0,1,1
1,114,1,10,4,42,2,4,1,0,1,0,1
0,32,1,7,1,19,10,7,0,1,0,0,0
1,105,3,0,5,39,11,11,0,0,1,0,0
1,112,5,7,1,21,23,10,1,0,0,0,0
0,102,2,9,5,45,10,12,0,1,1,0,1
1,87,1,10,2,27,20,6,1,0,0,0,0
1,71,3,9,3,42,12,3,0,0,1,0,1
1,47,3,3,5,20,22,3,1,0,0,0,1
1,39,2,5,0,38,22,12,1,0,1,0,0
0,37,4,10,1,33,9,8,0,1,0,1,1
0,86,1,3,0,23,15,5,0,0,0,1,0
0,65,4,6,2,40,1,3,1,0,0,1,1
1,95,3,7,5,24,15,6,0,0,0,0,0
1,42,5,7,5,55,13,2,0,0,0,0,1
1,76,1,7,5,18,17,9,0,1,1,0,1
1,38,5,2,0,66,15,12,0,0,0,0,0
1,37,5,0,5,50,9,6,0,1,0,1,0
1,36,3,8,3,56,7,5,0,0,0,0,0
1,104,1,10,3,53,19,5,0,1,1,1,0
1,34,1,4,1,19,21,5,1,0,0,1,1
0,69,1,2,5,31,6,7,0,0,0,0,0
1,105,3,2,4,42,16,4,0,0,0,1,0
0,80,5,0,3,51,22,9,1,0,0,0,1
1,71,2,8,0,31,7,3,0,0,1,1,1
1,64,5,6,5,29,2,10,1,0,0,0,0
0,115,4,3,2,70,8,4,0,1,0,0,0
0,37,3,3,0,58,16,6,0,0,0,0,0
0,64,3,0,1,19,14,9,0,0,0,0,0
1,117,4,4,3,36,5,11,1,0,0,0,1
1,115,1,10,5,26,18,9,0,1,0,1,1
1,110,4,5,4,26,3,5,1,0,0,0,0
1,36,1,4,3,20,5,4,1,0,0,0,0
0,49,2,9,4,50,15,5,0,0,0,0,1
1,70,5,4,4,46,20,4,1,0,0,1,0
1,101,3,8,2,24,14,9,0,0,0,0,1
1,55,5,10,1,31,10,7,0,1,1,1,1
1,32,4,4,5,61,5,4,1,0,0,0,1
0,107,3,9,5,25,0,1,1,0,1,1,0
1,101,4,9,2,22,19,6,0,1,0,1,1
1,61,2,10,3,46,22,7,1,0,0,1,0
1,107,2,8,4,70,17,3,0,1,1,0,0
0,59,4,5,4,29,21,8,1,0,0,0,1
1,62,2,3,3,70,20,9,1,0,0,1,0
1,102,4,9,4,59,16,3,0,0,0,0,1
1,33,1,6,1,28,11,4,0,0,0,0,0
0,31,3,2,5,33,23,11,1,0,1,0,0
0,58,5,8,2,19,18,9,0,1,0,0,0
1,99,1,8,2,56,9,11,0,1,0,0,0
1,88,1,8,5,60,16,10,0,0,0,1,1
0,45,3,8,0,23,0,10,1,0,0,0,1
1,101,1,10,3,20,23,7,1,0,0,1,1
1,61,2,9,0,62,21,5,1,0,0,0,1
1,104,3,10,5,67,23,3,1,0,0,0,0
0,112,2,10,4,37,13,12,0,0,0,0,0
1,80,3,5,4,19,21,6,1,0,1,1,0
1,116,4,3,3,28,23,5,1,0,0,1,1
1,72,3,5,4,69,12,11,0,0,1,0,0
0,59,4,2,1,52,9,4,0,1,1,0,1
0,40,2,0,2,42,11,10,0,0,1,0,1
0,107,5,9,3,40,14,7,0,0,0,1,1
1,101,1,5,2,68,1,4,1,0,1,1,0
1,79,1,8,1,62,4,2,1,0,1,0,0
1,50,5,5,3,45,22,3,1,0,0,0,1
0,89,5,8,3,69,22,1,1,0,0,0,1
1,34,4,9,5,41,22,6,1,0,0,1,1
1,34,2,2,4,23,6,5,0,0,0,0,0
1,59,5,4,5,53,15,5,0,0,1,0,0
0,32,5,3,2,68,1,9,1,0,0,0,0
1,37,2,7,4,61,10,6,0,1,0,0,0
1,120,3,5,0,53,12,9,0,0,0,0,1
0,92,2,9,2,67,22,10,1,0,0,0,0
1,77,5,3,1,45,17,11,0,1,0,1,1
0,72,3,5,0,43,3,5,1,0,0,1,0
0,58,4,0,3,18,15,7,0,0,1,0,0
1,70,4,1,3,65,9,11,0,1,0,0,1
0,97,3,2,4,32,9,2,0,1,1,0,1
1,118,2,7,1,55,14,9,0,0,0,0,1
0,74,4,6,3,64,21,12,1,0,1,0,1
1,100,2,9,0,29,20,5,1,0,0,0,0
1,76,2,3,0,31,14,3,0,0,0,0,0
0,98,2,4,3,24,20,5,1,0,0,0,1
1,99,3,0,0,20,8,11,0,1,0,0,0
1,31,4,10,2,31,21,4,1,0,0,0,0
1,108,3,6,5,27,0,5,1,0,0,0,0
0,54,3,4,1,19,19,6,0,1,1,0,1
1,61,3,0,3,61,9,2,0,1,0,0,0
1,31,4,2,5,25,10,6,0,1,1,0,0
0,67,2,2,4,35,2,9,1,0,0,0,0
0,112,1,3,4,32,17,12,0,1,0,1,1
0,61,1,1,5,59,14,10,0,0,0,0,1
0,91,1,3,1,34,18,6,0,1,0,0,0
0,111,5,10,2,36,10,9,0,1,0,0,0
1,102,5,10,0,34,12,9,0,0,0,0,1
1,55,5,6,0,23,3,9,1,0,0,0,0
1,34,1,2,0,30,4,11,1,0,0,0,1
0,32,4,8,3,24,20,3,1,0,1,0,0
0,111,1,3,4,42,14,12,0,0,1,0,1
0,118,1,7,1,38,20,3,1,0,0,0,0
1,40,2,1,0,35,1,6,1,0,0,0,0
1,55,1,8,1,45,13,12,0,0,0,0,1
0,74,3,8,2,64,9,6,0,1,0,0,1
1,45,4,10,2,64,7,8,0,0,0,0,0
1,59,5,1,3,36,9,1,0,1,0,0,0
1,111,4,8,5,21,5,4,1,0,1,0,0
1,111,3,1,5,43,21,6,1,0,0,0,1
1,40,2,1,2,56,3,10,1,0,1,0,1
1,91,5,3,3,40,18,2,0,1,0,1,0
0,72,2,7,1,70,21,9,1,0,0,0,0
0,51,2,4,2,36,13,10,0,0,0,0,1
1,102,3,2,4,64,17,9,0,1,0,0,1
1,30,3,5,3,50,19,8,0,1,0,0,1
0,112,2,3,0,70,0,10,1,0,0,0,0
0,53,2,10,1,57,4,8,1,0,0,1,0
1,45,4,2,3,49,20,2,1,0,1,0,1
1,106,2,0,4,46,2,4,1,0,1,0,0
1,76,4,8,0,26,8,5,0,1,0,0,1
0,76,1,2,4,54,22,12,1,0,0,0,0
1,81,5,4,3,50,14,12,0,0,0,0,1
1,51,2,8,3,44,5,4,1,0,0,1,0
1,32,1,2,4,27,15,7,0,0,1,0,0
0,91,2,10,5,25,21,1,1,0,0,0,0
0,82,3,0,2,50,17,3,0,1,1,0,0
1,86,2,7,4,43,4,3,1,0,1,0,0
0,81,1,4,1,26,4,3,1,0,0,0,1
0,59,5,6,5,33,2,8,1,0,0,0,1
1,112,1,8,1,49,18,4,0,1,0,0,0
1,30,2,0,4,34,8,6,0,1,0,1,1
1,109,5,0,1,31,11,11,0,0,0,1,0
0,84,5,6,4,57,1,7,1,0,0,1,1
1,67,4,6,4,68,3,6,1,0,1,0,1
1,59,2,3,5,27,19,8,0,1,1,0,1
1,31,1,5,0,60,21,9,1,0,0,1,1
1,47,5,0,5,26,16,10,0,0,1,0,1
0,90,4,5,1,34,0,1,1,0,0,1,1
0,87,1,0,1,34,23,10,1,0,1,0,0
1,86,1,4,2,68,1,1,1,0,0,0,0
1,97,5,8,1,48,20,3,1,0,0,0,1
0,107,5,7,3,63,8,9,0,1,0,0,0
1,32,4,5,1,47,13,12,0,0,0,0,0
1,33,2,4,1,18,12,2,0,0,0,0,1
0,75,5,9,2,21,21,6,1,0,0,1,1
1,42,1,6,3,24,22,10,1,0,0,0,0
1,72,1,6,2,35,15,10,0,0,1,1,0
0,93,1,2,3,60,0,12,1,0,0,0,1
1,69,2,10,5,43,20,6,1,0,0,0,1
1,40,4,0,0,18,9,11,0,1,0,1,1
1,108,5,5,0,64,11,11,0,0,0,1,1
1,106,1,0,2,22,17,5,0,1,0,0,1
1,106,4,7,3,37,11,9,0,0,0,0,0
1,58,4,9,3,38,18,2,0,1,0,0,0
0,93,4,2,2,57,7,6,0,0,0,0,0
1,49,5,8,0,49,0,5,1,0,0,0,0
0,83,5,8,5,38,5,5,1,0,1,0,0
1,59,4,1,0,35,1,7,1,0,1,0,0
1,108,1,9,5,40,4,10,1,0,0,0,1
1,50,3,8,2,54,4,3,1,0,1,0,1
1,36,1,6,4,42,1,6,1,0,0,0,0
1,105,2,2,2,23,2,1,1,0,0,0,1
0,86,2,4,4,62,10,9,0,1,0,0,0
1,80,1,8,1,20,12,9,0,0,1,0,0
1,114,3,7,5,70,13,4,0,0,1,1,0
1,34,1,10,1,25,5,4,1,0,0,0,0
1,67,1,8,1,21,9,10,0,1,0,0,0
1,87,4,2,1,68,1,12,1,0,0,0,0
0,75,4,4,5,67,16,5,0,0,0,0,0
1,104,3,3,3,19,13,4,0,0,0,0,1
1,49,2,4,4,34,3,3,1,0,0,1,0
0,110,2,0,1,66,2,11,1,0,0,0,1
0,36,3,8,0,18,2,4,1,0,0,1,1
1,38,5,8,5,45,3,11,1,0,1,0,1
0,117,5,4,2,56,6,3,0,0,0,0,0
1,65,1,2,2,42,9,5,0,1,0,1,0
0,58,5,5,4,20,2,3,1,0,0,0,0
1,94,2,7,4,44,18,6,0,1,0,1,1
0,107,4,6,0,22,12,9,0,0,0,0,1
1,42,5,4,2,51,21,12,1,0,0,0,1
1,45,1,8,2,48,19,3,0,1,0,1,0
1,54,3,10,1,45,0,9,1,0,1,0,0
1,72,5,5,2,30,1,12,1,0,0,0,0
1,45,4,9,2,50,17,9,0,1,1,0,1
1,103,1,1,4,21,1,3,1,0,0,0,0
1,110,1,9,1,53,21,4,1,0,0,1,0
1,102,1,3,1,24,23,9,1,0,0,0,0
1,95,3,7,1,28,12,9,0,0,0,0,0
0,46,2,4,3,53,16,10,0,0,0,0,1
1,84,3,10,5,36,14,12,0,0,0,1,0
1,85,1,8,3,59,10,2,0,1,1,1,0
0,84,1,1,0,26,3,12,1,0,1,0,1
1,49,2,7,3,34,0,9,1,0,1,0,1
1,106,2,2,3,36,4,11,1,0,0,1,0
0,62,2,9,3,28,17,3,0,1,0,1,1
1,62,3,10,2,55,6,6,0,0,0,0,1
1,119,3,9,3,63,22,1,1,0,0,1,0
1,114,4,10,3,22,22,1,1,0,1,1,0
0,59,5,6,3,69,9,12,0,1,0,0,1
1,120,3,10,2,18,3,8,1,0,0,0,1
1,94,1,2,0,41,21,10,1,0,0,0,0
1,46,4,5,4,39,22,4,1,0,0,1,1
1,60,1,4,3,35,2,4,1,0,0,0,1
0,77,4,9,2,51,8,4,0,1,1,0,1
1,116,5,9,5,42,2,6,1,0,0,0,1
1,66,1,8,4,24,14,11,0,0,1,0,1
0,62,2,6,4,33,18,1,0,1,0,0,0
0,43,5,0,5,69,3,2,1,0,0,0,0
0,60,1,0,4,68,2,12,1,0,1,0,1
0,93,3,8,2,19,19,5,0,1,0,0,1
1,79,1,2,4,55,15,4,0,0,0,1,1
1,43,5,6,3,64,9,1,0,1,1,1,0
1,103,2,9,4,48,2,6,1,0,0,0,1
0,77,4,1,3,22,9,5,0,1,1,0,1
0,45,3,7,1,24,4,4,1,0,1,0,0
0,44,4,4,2,46,4,9,1,0,0,1,1
0,106,1,5,4,61,0,11,1,0,0,1,1
1,51,3,8,0,34,9,2,0,1,0,1,1
1,119,1,8,1,68,11,8,0,0,0,1,0
1,32,2,2,2,63,22,8,1,0,0,1,1
1,98,2,9,1,50,3,6,1,0,1,0,0
1,115,4,6,4,48,0,8,1,0,0,0,0
1,54,5,6,0,43,10,11,0,1,0,1,0
0,75,2,9,4,56,6,5,0,0,0,0,0
1,98,3,0,4,42,15,12,0,0,0,0,1
1,118,3,2,0,64,11,5,0,0,0,1,1
0,32,1,8,2,30,1,1,1,0,0,1,1
1,69,3,8,2,54,10,5,0,1,0,1,1
0,105,1,0,2,33,11,2,0,0,1,0,1
0,46,3,1,4,63,0,5,1,0,0,1,0
1,111,2,2,5,43,7,6,0,0,0,0,1
1,60,5,0,0,44,13,2,0,0,0,0,1
1,47,4,0,1,45,16,6,0,0,0,0,0
0,65,4,5,5,57,1,2,1,0,0,0,1
0,87,5,7,5,27,0,10,1,0,1,1,1
1,114,3,4,0,52,21,9,1,0,0,1,1
1,31,3,8,0,34,0,7,1,0,0,0,0
1,118,4,7,3,38,17,8,0,1,1,1,1
0,34,1,9,5,33,5,11,1,0,0,0,0
1,41,1,8,4,46,11,5,0,0,0,0,0
1,110,4,0,0,66,10,9,0,1,0,0,0
1,100,3,10,3,69,8,4,0,1,0,0,1
0,48,4,8,1,40,4,7,1,0,1,0,1
1,30,1,10,5,18,11,3,0,0,0,0,0
1,78,4,8,0,31,19,6,0,1,0,0,1
1,74,1,5,1,50,18,2,0,1,0,0,0
1,41,2,9,3,46,8,5,0,1,0,0,1
0,75,2,4,4,56,21,12,1,0,0,0,1
0,81,2,5,0,20,0,11,1,0,0,0,1
1,89,1,9,3,47,12,9,0,0,0,0,1
1,46,1,4,2,30,8,12,0,1,0,0,1
1,104,2,6,1,44,21,11,1,0,0,1,1
1,92,3,1,1,28,0,11,1,0,1,0,1
1,40,5,3,5,50,22,7,1,0,1,0,0
1,89,2,0,2,61,12,1,0,0,0,0,0
0,31,1,1,2,48,13,5,0,0,0,0,1
1,37,1,10,5,46,18,4,0,1,0,0,1
1,63,4,5,4,65,8,1,0,1,0,0,0
0,88,2,0,3,60,17,11,0,1,0,1,0
1,114,2,4,4,58,10,10,0,1,0,1,1
1,113,5,0,4,67,3,7,1,0,0,0,1
1,83,5,4,0,29,3,3,1,0,0,1,1
0,57,4,2,5,18,16,12,0,0,0,0,0
1,89,5,5,0,23,2,5,1,0,0,0,1
1,67,3,8,2,59,18,9,0,1,1,0,0
0,45,3,10,0,48,15,10,0,0,0,0,1
1,67,5,0,3,18,4,5,1,0,0,0,1
1,37,3,3,3,32,8,11,0,1,0,0,0
1,35,3,10,3,24,4,6,1,0,0,0,0
1,105,2,4,4,62,14,5,0,0,0,0,0
1,36,2,5,4,67,18,10,0,1,0,0,1
1,93,2,6,5,31,4,8,1,0,0,0,1
0,99,2,4,4,60,12,12,0,0,0,1,0
0,61,5,7,2,26,16,4,0,0,0,0,0
1,75,1,1,4,46,20,10,1,0,0,1,1
0,89,4,1,0,23,9,11,0,1,0,1,1
1,65,4,5,3,49,10,8,0,1,0,0,1
1,106,1,9,5,38,12,1,0,0,0,1,1
1,93,5,2,2,43,15,7,0,0,1,0,1
0,75,1,1,1,62,14,6,0,0,1,0,0
0,47,3,7,0,61,17,7,0,1,0,0,0
1,79,5,10,4,52,1,12,1,0,0,0,0
1,84,1,8,0,32,14,9,0,0,0,0,0
0,108,2,0,0,45,14,3,0,0,0,1,0
1,66,4,1,0,49,11,11,0,0,0,0,1
0,94,1,7,5,31,14,8,0,0,0,0,1
1,110,5,4,1,57,22,2,1,0,0,0,0
1,104,4,10,3,67,8,2,0,1,1,0,1
1,116,5,8,3,67,4,8,1,0,0,0,0
0,35,3,1,4,51,21,7,1,0,0,0,1
1,61,1,9,2,32,17,12,0,1,0,0,1
1,62,4,3,0,63,13,7,0,0,0,0,1
1,90,1,9,1,19,20,4,1,0,1,0,0
0,73,3,5,5,51,13,7,0,0,1,0,0
1,75,2,3,5,26,21,11,1,0,0,0,0
1,120,4,10,4,35,15,2,0,0,0,1,0
1,69,2,8,0,38,11,7,0,0,0,1,0
0,51,4,6,4,68,19,2,0,1,0,0,0
0,33,2,1,3,44,9,6,0,1,0,0,1
1,51,2,9,1,25,4,8,1,0,0,0,0
1,56,2,2,4,22,17,11,0,1,1,0,1
0,54,2,1,0,19,20,6,1,0,1,0,1
1,89,3,0,2,27,5,5,1,0,0,0,0
1,102,1,8,0,61,9,11,0,1,0,0,1
0,110,1,1,2,25,11,3,0,0,0,0,1
0,116,5,5,3,44,3,4,1,0,0,0,1
1,60,4,2,2,38,2,2,1,0,0,0,1
1,100,4,8,5,43,13,1,0,0,0,0,1
0,118,4,0,3,62,15,4,0,0,1,0,0
0,43,3,4,1,25,6,3,0,0,0,0,0
1,40,2,1,1,68,16,8,0,0,0,1,0
1,62,5,5,3,36,23,1,1,0,0,0,0
0,32,2,0,3,43,8,8,0,1,1,0,1
0,111,3,10,1,28,20,9,1,0,0,0,1
0,51,1,8,4,30,21,5,1,0,0,0,0
1,40,1,1,4,42,23,1,1,0,0,0,0
1,84,1,0,2,27,6,5,0,0,0,0,0
1,49,2,1,1,49,14,4,0,0,0,0,1
1,60,3,5,5,56,2,6,1,0,0,0,0
1,70,3,3,5,25,23,2,1,0,0,0,1
1,41,2,3,5,61,14,9,0,0,0,0,1
1,47,2,3,0,34,3,5,1,0,0,0,1
1,106,1,10,3,34,4,1,1,0,1,0,1
1,77,4,8,3,67,1,1,1,0,0,0,0
1,66,3,10,3,47,18,6,0,1,1,1,0
1,90,2,1,2,19,10,1,0,1,1,0,0
0,67,2,1,0,70,4,12,1,0,0,0,0
1,65,4,5,3,18,13,11,0,0,0,0,0
1,53,2,6,3,44,9,5,0,1,0,0,1
0,69,3,0,4,29,3,9,1,0,0,0,1
1,84,1,8,5,69,2,8,1,0,0,0,0
1,41,2,1,0,28,14,11,0,0,1,0,1
0,48,2,8,0,67,16,6,0,0,0,1,0
1,109,3,7,3,68,15,7,0,0,0,1,0
0,72,4,1,5,40,1,5,1,0,0,0,1
1,94,2,4,2,68,16,7,0,0,0,0,0
1,50,1,0,2,32,4,9,1,0,0,0,0
1,35,2,9,4,18,3,10,1,0,1,1,0
1,39,1,8,4,58,16,10,0,0,0,0,1
1,106,5,9,2,47,5,11,1,0,0,0,1
0,113,5,5,1,53,18,6,0,1,0,0,1
1,64,2,3,2,43,11,3,0,0,0,0,1
1,108,4,7,4,31,9,10,0,1,0,0,0
1,94,1,10,4,70,8,12,0,1,0,0,0
0,115,5,6,4,48,20,4,1,0,0,0,1
1,31,3,2,4,27,2,3,1,0,0,0,1
1,80,1,2,3,48,6,3,0,0,0,0,1
1,96,2,10,0,28,6,3,0,0,0,0,0
0,71,2,4,0,20,7,3,0,0,1,0,1
1,91,2,3,1,47,8,6,0,1,1,0,1
1,55,3,2,0,37,10,2,0,1,0,0,1
0,85,3,5,4,29,20,5,1,0,0,0,1
0,62,2,7,0,70,5,1,1,0,0,0,0
0,83,1,3,3,70,5,5,1,0,1,0,0
1,31,3,9,4,43,19,1,0,1,0,1,0
0,119,4,3,0,66,9,6,0,1,0,0,1
0,55,3,1,0,51,10,10,0,1,0,1,0
1,67,2,3,5,59,14,7,0,0,0,1,1
1,105,4,6,0,45,6,9,0,0,1,0,1
0,99,5,7,0,21,12,6,0,0,1,0,0
1,48,3,9,3,45,15,3,0,0,1,0,0
1,96,5,6,4,27,16,8,0,0,0,0,0
1,103,5,5,1,51,11,11,0,0,1,0,0
1,55,2,9,3,36,17,3,0,1,0,0,0
1,68,5,8,3,57,17,4,0,1,0,0,0
1,66,3,1,0,33,13,9,0,0,0,0,0
1,70,2,7,1,69,8,11,0,1,0,0,0
1,102,5,3,3,53,11,12,0,0,0,1,0
0,107,1,1,3,62,1,11,1,0,0,0,1
1,87,1,4,4,53,0,12,1,0,0,0,0
1,90,2,9,2,39,5,5,1,0,0,0,0
1,58,2,1,0,35,15,12,0,0,0,1,0
1,95,5,6,5,47,13,3,0,0,0,0,0
1,58,5,5,5,35,5,3,1,0,0,0,1
1,98,2,10,1,44,8,4,0,1,0,0,0
1,80,3,2,2,20,16,4,0,0,0,0,1
0,96,1,9,3,28,20,3,1,0,1,0,1
1,39,4,4,4,27,11,12,0,0,1,0,1
0,51,4,0,5,54,4,4,1,0,0,0,1
1,46,3,2,5,43,11,1,0,0,1,0,0
1,75,1,3,0,56,0,10,1,0,0,0,0
1,68,4,8,0,59,4,1,1,0,0,0,0
0,107,5,9,5,48,1,2,1,0,1,0,0
1,80,5,1,0,57,1,9,1,0,0,0,1
0,115,4,9,4,22,22,4,1,0,0,1,0
1,44,2,2,0,54,17,3,0,1,0,1,0
0,67,1,5,0,25,6,2,0,0,0,1,1
1,97,1,5,5,55,21,5,1,0,0,0,1
1,79,5,6,5,65,16,12,0,0,0,1,1
0,63,3,10,4,27,3,10,1,0,0,0,0
1,84,5,9,2,39,7,1,0,0,0,0,1
1,43,3,1,3,65,3,4,1,0,0,0,0
1,39,2,9,4,27,16,7,0,0,0,0,1
1,35,3,4,4,62,8,1,0,1,0,0,0
0,32,4,2,3,24,22,10,1,0,1,0,1
0,95,4,9,1,18,9,6,0,1,0,1,0
0,82,3,4,2,54,11,9,0,0,0,0,0
0,101,5,6,5,25,23,1,1,0,0,0,1
1,51,2,8,5,40,23,4,1,0,0,1,0
1,88,1,0,3,67,5,2,1,0,0,0,1
1,107,1,8,0,67,20,2,1,0,0,0,1
1,33,5,7,3,43,5,4,1,0,1,0,1
0,120,4,4,2,33,8,1,0,1,0,0,0
0,72,2,7,0,22,8,2,0,1,0,0,0
1,92,2,4,3,63,23,1,1,0,0,0,0
1,63,1,8,4,31,8,12,0,1,0,0,0
1,66,3,8,2,22,18,5,0,1,0,0,0
1,69,1,9,3,30,15,12,0,0,1,0,0
0,59,4,5,3,64,15,12,0,0,0,0,0
1,30,5,6,0,59,2,1,1,0,0,0,0
0,35,4,8,1,42,14,6,0,0,0,0,0
0,57,1,9,1,29,14,10,0,0,1,1,0
0,53,4,9,1,61,13,3,0,0,1,1,0
1,96,2,2,2,26,1,8,1,0,0,0,1
1,38,2,1,4,21,18,5,0,1,0,0,1
0,84,5,2,4,45,17,12,0,1,1,0,1
0,53,2,0,4,65,20,7,1,0,0,1,1
1,45,5,5,1,49,16,5,0,0,0,0,0
0,49,2,2,3,64,6,8,0,0,0,1,0
1,102,1,7,1,61,16,12,0,0,0,0,1
1,111,3,4,4,22,1,10,1,0,0,0,1
1,90,3,10,2,54,10,12,0,1,0,0,0
1,90,4,9,5,42,17,1,0,1,0,1,0
1,78,2,8,1,22,18,7,0,1,0,0,0
1,112,2,10,1,55,1,4,1,0,0,0,1
0,46,3,4,2,36,11,6,0,0,0,0,0
1,45,4,1,1,53,18,8,0,1,0,0,0
0,78,1,9,0,40,19,7,0,1,0,0,1
1,119,1,10,2,27,19,3,0,1,0,0,1
1,37,5,6,3,60,0,11,1,0,1,0,1
1,58,1,3,1,70,21,6,1,0,0,1,1
1,109,1,7,4,60,23,7,1,0,1,0,0
0,86,4,1,5,51,0,12,1,0,0,0,1
0,30,1,1,3,59,8,7,0,1,0,1,1
0,81,5,9,2,54,9,4,0,1,0,0,0
0,56,2,2,2,60,16,2,0,0,0,1,1
1,53,4,6,3,40,8,9,0,1,1,0,1
0,114,3,8,2,46,18,12,0,1,0,1,1
0,97,1,2,3,37,13,10,0,0,0,0,0
1,109,1,8,2,51,16,1,0,0,0,1,0
1,96,4,2,0,66,7,7,0,0,1,1,1
0,46,4,0,4,63,11,8,0,0,0,0,1
1,30,4,0,1,52,19,5,0,1,1,1,1
0,55,3,6,5,68,23,2,1,0,0,1,0
1,47,3,3,1,49,21,4,1,0,0,1,1
1,72,5,8,4,19,5,10,1,0,0,0,0
0,41,5,6,0,43,7,3,0,0,1,1,1
0,77,3,8,0,39,7,4,0,0,0,0,0
1,116,2,10,1,55,1,12,1,0,0,0,0
0,78,3,7,1,42,17,4,0,1,1,0,1
1,46,1,4,5,66,23,4,1,0,0,1,1
0,86,1,1,0,53,0,8,1,0,0,0,1
0,87,3,2,1,61,6,3,0,0,0,0,1
0,110,4,8,2,70,13,7,0,0,0,0,0
1,43,5,4,2,40,5,12,1,0,0,0,0
1,64,4,5,2,67,7,6,0,0,0,0,0
1,117,3,3,2,57,11,12,0,0,0,0,1
0,60,5,10,2,38,17,2,0,1,1,1,0
1,37,3,9,0,63,1,6,1,0,0,1,0
1,100,4,5,1,61,8,12,0,1,0,0,0
1,44,5,6,2,36,11,2,0,0,0,0,1
1,98,3,0,3,24,19,11,0,1,1,0,0
0,114,1,2,2,64,19,1,0,1,0,0,1
0,80,4,10,1,40,9,12,0,1,0,0,1
1,114,3,8,2,33,21,11,1,0,0,0,0
0,30,5,2,5,27,11,3,0,0,0,0,1
1,94,2,7,0,22,9,11,0,1,0,0,1
1,120,1,8,2,56,22,6,1,0,0,0,0
1,44,4,6,5,68,16,9,0,0,0,0,1
1,82,3,10,2,60,9,3,0,1,0,1,0
1,106,1,0,1,36,5,4,1,0,0,0,1
0,38,2,7,5,46,15,3,0,0,1,0,1
0,33,3,1,1,62,5,3,1,0,0,0,0
1,80,3,8,4,68,13,12,0,0,0,1,1
1,105,5,10,5,35,13,11,0,0,0,0,0
1,101,2,8,2,62,14,10,0,0,0,0,1
0,106,5,4,4,36,6,4,0,0,0,0,0
0,55,5,1,2,24,16,8,0,0,0,1,0
0,36,5,8,5,33,7,9,0,0,0,1,0
0,30,2,7,0,39,11,4,0,0,0,0,0
0,49,3,5,4,50,2,4,1,0,1,0,1
0,77,1,2,4,66,8,5,0,1,1,0,1
1,81,2,5,1,68,13,10,0,0,0,1,1
0,83,4,3,2,48,20,2,1,0,1,0,0
1,97,3,1,5,46,15,3,0,0,0,1,0
0,76,1,6,2,18,16,3,0,0,0,1,0
1,50,2,3,2,54,20,11,1,0,0,1,1
0,75,1,9,4,61,8,11,0,1,0,0,0
1,75,3,3,4,68,2,5,1,0,0,0,0
0,58,3,1,2,67,6,10,0,0,1,1,0
0,45,5,2,2,30,3,3,1,0,0,0,1
1,75,3,0,1,63,19,2,0,1,0,1,1
1,92,2,0,0,40,15,9,0,0,0,1,1
0,76,1,5,3,42,20,12,1,0,0,0,0
0,100,5,4,4,40,11,8,0,0,0,1,1
1,55,1,3,5,45,13,5,0,0,1,0,1
1,105,2,2,2,32,8,2,0,1,0,0,0
0,100,5,6,2,26,16,3,0,0,0,0,0
1,82,5,5,2,70,16,6,0,0,1,0,1
1,115,1,10,5,56,0,10,1,0,0,0,1
1,114,5,9,3,57,8,2,0,1,1,1,0
0,31,3,1,5,40,6,4,0,0,0,1,1
1,46,3,8,0,62,2,3,1,0,0,1,0
1,110,4,6,1,52,21,1,1,0,1,0,1
1,94,1,3,1,39,16,6,0,0,0,1,1
1,100,1,9,1,28,11,8,0,0,0,0,1
1,102,4,9,0,50,22,6,1,0,1,0,1
1,97,4,10,2,42,12,6,0,0,0,0,1
0,76,5,2,0,31,11,10,0,0,0,0,1
1,75,5,5,0,31,6,7,0,0,1,0,1
0,49,3,8,5,64,5,1,1,0,0,0,1
0,113,3,10,0,65,14,9,0,0,1,1,0
0,61,2,10,0,61,23,5,1,0,0,0,1
0,43,5,8,0,56,19,11,0,1,1,0,1
1,81,1,8,0,68,21,7,1,0,0,0,1
1,41,2,1,2,38,21,11,1,0,0,0,0
1,86,2,10,3,58,6,3,0,0,0,1,0
1,42,3,6,5,69,22,9,1,0,1,0,1
0,86,5,10,4,19,18,1,0,1,0,0,0
1,99,5,5,5,20,3,10,1,0,0,0,0
0,89,4,10,2,58,1,1,1,0,0,0,0
0,89,1,2,1,54,17,1,0,1,0,0,0
0,31,1,10,1,64,5,11,1,0,0,1,1
1,75,4,1,1,69,10,1,0,1,1,0,0
0,103,3,10,0,29,19,10,0,1,0,0,0
1,113,4,6,3,64,15,9,0,0,1,0,1
1,71,4,8,4,56,0,2,1,0,0,1,0
0,35,2,7,1,35,11,12,0,0,1,0,1
0,79,5,0,5,43,12,8,0,0,0,0,0
1,54,3,7,1,50,4,12,1,0,0,0,1
1,86,2,2,1,24,2,12,1,0,0,1,1
0,32,4,10,2,68,4,3,1,0,0,1,1
0,57,1,8,0,54,4,2,1,0,0,0,1
0,104,3,7,0,64,12,12,0,0,1,0,0
0,86,2,6,0,24,0,5,1,0,0,0,1
1,119,3,4,0,70,15,4,0,0,0,0,1
1,110,3,3,1,24,6,1,0,0,0,1,0
1,99,5,5,3,27,0,5,1,0,0,1,1
0,79,3,10,2,37,19,8,0,1,1,0,1
0,45,5,5,1,56,10,5,0,1,0,1,1
1,88,4,9,3,42,8,1,0,1,1,0,0
1,76,3,2,4,23,21,7,1,0,0,0,0
0,81,3,7,5,58,1,4,1,0,1,0,0
1,98,1,1,1,52,12,7,0,0,0,0,1
1,65,2,3,3,52,11,11,0,0,1,0,1
1,108,2,0,3,33,11,8,0,0,1,0,1
1,112,3,8,5,24,4,10,1,0,1,0,0
1,118,2,0,3,25,19,4,0,1,0,1,1
1,81,1,9,5,46,4,2,1,0,0,0,1
0,91,4,6,2,50,17,1,0,1,0,0,0
1,95,3,0,1,29,0,10,1,0,1,0,0
1,37,1,0,1,67,22,5,1,0,1,0,0
1,81,2,3,3,69,15,2,0,0,1,0,0
1,89,4,2,2,57,15,3,0,0,0,0,0
1,76,2,3,5,47,5,8,1,0,0,0,1
0,32,4,7,3,69,1,6,1,0,0,0,1
1,104,5,6,1,38,19,11,0,1,0,0,1
1,107,3,4,0,23,10,10,0,1,1,0,1
0,79,1,9,2,64,4,10,1,0,1,1,0
0,84,2,1,5,30,5,4,1,0,0,0,1
1,98,3,0,3,54,6,4,0,0,0,1,0
1,51,3,1,4,21,2,1,1,0,0,0,0
0,66,2,9,4,65,12,2,0,0,0,1,0
0,74,1,8,1,49,3,6,1,0,1,1,0
1,33,5,0,1,37,16,10,0,0,0,0,0
1,59,4,0,1,23,7,8,0,0,0,1,1
1,64,4,7,2,67,17,12,0,1,0,1,0
1,62,5,7,2,25,10,2,0,1,1,0,1
0,51,1,7,4,54,3,10,1,0,0,1,1
0,40,4,9,3,36,7,8,0,0,0,0,0
0,44,4,1,4,53,1,8,1,0,0,1,0
1,85,5,9,4,21,19,5,0,1,0,1,1
1,114,3,10,3,18,3,2,1,0,0,0,0
1,81,2,3,1,42,16,3,0,0,0,0,1
0,33,3,9,2,46,5,7,1,0,0,1,1
1,72,1,5,2,53,0,11,1,0,0,0,0
0,112,3,10,2,54,5,3,1,0,1,0,0
1,38,4,9,3,58,7,3,0,0,0,0,1
1,44,3,1,3,65,13,1,0,0,0,0,0
0,117,2,9,4,54,7,11,0,0,1,0,0
0,44,3,4,5,24,21,7,1,0,1,0,1
1,106,1,1,4,41,0,1,1,0,0,0,1
1,94,3,3,1,70,7,5,0,0,0,1,0
0,46,1,1,2,29,4,8,1,0,0,0,1
1,53,3,0,0,55,22,7,1,0,0,0,1
0,36,1,3,4,51,17,9,0,1,0,1,1
1,113,5,6,1,58,4,5,1,0,0,0,0
0,66,5,8,1,60,22,10,1,0,0,1,1
0,89,3,10,2,49,17,11,0,1,0,1,0
1,63,2,4,1,59,8,12,0,1,0,0,0
1,81,1,7,5,39,8,3,0,1,0,1,0
1,37,1,2,3,64,21,2,1,0,0,0,1
1,39,3,6,0,54,21,12,1,0,0,0,0
1,72,2,4,4,24,10,1,0,1,0,1,1
1,54,4,4,2,28,6,8,0,0,1,1,1
0,95,4,1,5,18,13,12,0,0,0,1,0
0,114,2,9,1,22,19,1,0,1,0,0,0
1,112,5,6,0,34,12,5,0,0,1,0,0
0,57,2,3,0,29,13,2,0,0,1,0,0
0,100,5,9,0,45,6,1,0,0,0,0,1
1,87,3,1,2,57,9,7,0,1,1,1,0
1,32,3,3,0,48,19,11,0,1,0,0,1
1,81,5,7,2,43,5,5,1,0,0,1,1
1,39,2,8,3,68,15,10,0,0,0,1,0
1,54,2,6,1,47,20,7,1,0,1,0,1
0,41,1,6,5,58,14,8,0,0,0,0,0
1,106,1,5,1,51,2,8,1,0,0,1,0
1,39,4,1,4,53,13,3,0,0,0,0,0
0,36,5,2,4,37,23,3,1,0,0,1,1
1,103,5,1,5,65,4,8,1,0,0,1,1
1,80,1,6,2,41,7,3,0,0,1,0,0
0,44,5,5,0,49,3,5,1,0,0,0,0
1,63,4,2,1,24,12,6,0,0,0,0,1
0,53,3,4,0,62,5,2,1,0,0,0,0
1,60,4,5,4,29,19,8,0,1,0,0,1
0,108,1,9,0,44,21,7,1,0,0,0,0
1,36,4,0,4,25,1,6,1,0,0,0,0
1,38,5,0,4,30,2,12,1,0,0,0,0
1,48,2,1,4,56,1,7,1,0,0,1,1
1,102,2,2,3,68,8,10,0,1,1,0,0
1,108,1,7,5,37,20,11,1,0,1,0,1
1,33,5,7,3,56,19,2,0,1,0,0,0
1,75,4,1,3,30,5,9,1,0,1,1,0
1,41,2,9,1,22,12,2,0,0,0,0,0
1,70,3,5,1,56,23,6,1,0,0,1,1
1,109,5,7,1,24,10,6,0,1,0,1,0
1,82,5,7,2,55,3,11,1,0,1,0,1
1,37,4,0,2,20,22,10,1,0,0,0,0
1,51,3,1,5,26,10,1,0,1,0,0,1
0,49,3,0,3,21,19,1,0,1,0,0,0
1,53,5,2,0,40,22,2,1,0,1,0,1
1,73,5,9,3,57,3,7,1,0,0,0,1
1,92,4,8,5,52,6,10,0,0,0,0,1
1,51,3,5,1,56,17,3,0,1,0,0,1
0,106,2,9,3,70,22,2,1,0,0,0,1
1,34,4,3,3,43,11,10,0,0,0,0,1
0,76,2,4,2,55,0,8,1,0,0,1,1
1,96,3,5,2,39,7,12,0,0,1,0,1
1,109,3,6,3,58,0,3,1,0,0,0,1
1,106,4,5,2,44,8,3,0,1,0,1,1
1,50,1,1,4,24,9,10,0,1,0,0,1
1,82,5,5,1,44,23,12,1,0,0,0,0
1,112,3,8,5,19,4,8,1,0,0,1,1
1,41,3,6,3,50,16,10,0,0,0,0,1
1,110,1,3,1,48,1,7,1,0,1,0,1
1,54,1,7,2,44,17,5,0,1,0,1,1
1,118,1,9,5,24,2,2,1,0,0,0,1
1,49,1,7,1,41,19,7,0,1,1,1,0
1,96,4,0,1,18,7,8,0,0,0,1,1
1,81,2,10,1,19,10,3,0,1,0,0,0
0,75,3,1,1,30,15,10,0,0,0,0,0
1,82,3,7,5,24,5,1,1,0,0,0,1
1,63,3,3,3,68,17,8,0,1,0,0,0
1,68,5,4,5,51,13,11,0,0,0,0,1
1,41,3,2,4,70,19,2,0,1,1,0,1
0,114,1,2,1,59,5,7,1,0,0,0,1
1,76,5,9,4,26,8,1,0,1,1,0,0
1,90,1,10,2,54,22,3,1,0,1,1,0
1,88,3,8,1,48,9,12,0,1,0,0,0
1,113,5,8,5,45,13,10,0,0,1,0,0
1,30,1,10,3,51,19,11,0,1,0,1,1
0,30,3,2,3,69,6,10,0,0,0,0,0
0,49,2,9,3,54,12,12,0,0,1,0,0
0,89,5,8,2,41,3,1,1,0,0,0,0
1,86,4,6,5,67,9,3,0,1,0,0,1
0,106,4,6,3,44,18,3,0,1,1,0,0
0,103,5,4,3,67,19,6,0,1,0,1,1
1,103,3,0,2,41,11,9,0,0,0,0,1
1,112,4,7,0,19,1,1,1,0,0,0,1
0,99,3,10,5,53,7,1,0,0,1,0,1
1,116,3,6,2,36,1,11,1,0,1,0,1
1,72,4,0,3,45,1,6,1,0,0,0,0
1,118,3,6,5,27,20,10,1,0,0,0,1
1,98,4,6,1,48,10,3,0,1,0,1,1
1,119,4,9,1,60,13,7,0,0,0,0,0
0,58,4,0,3,48,19,1,0,1,0,0,1
1,63,2,8,4,46,5,11,1,0,0,0,1
1,75,3,8,4,36,6,8,0,0,0,0,1
1,46,1,2,4,51,13,9,0,0,1,0,1
1,65,2,8,5,52,13,7,0,0,0,1,0
1,109,3,5,1,23,13,5,0,0,0,1,0
0,91,3,9,5,37,19,4,0,1,1,0,1
0,97,5,8,3,59,4,8,1,0,1,0,0
0,119,4,1,3,23,22,10,1,0,0,0,1
1,89,1,10,0,42,21,12,1,0,0,1,1
1,73,4,7,1,64,22,10,1,0,0,1,1
1,117,4,7,3,65,3,2,1,0,0,0,0
0,72,1,1,5,22,4,8,1,0,1,0,0
1,58,3,7,0,61,12,10,0,0,0,0,1
1,105,4,7,3,64,23,3,1,0,1,0,0
0,108,5,2,5,39,10,9,0,1,0,0,1
1,67,5,3,4,48,21,8,1,0,0,1,0
1,52,1,10,3,32,7,5,0,0,1,0,0
1,36,4,4,0,24,17,5,0,1,0,0,1
1,120,2,5,5,43,21,9,1,0,0,0,0
1,66,1,1,4,30,6,3,0,0,0,0,0
1,63,4,3,3,39,1,7,1,0,0,1,1
1,118,5,6,3,68,6,3,0,0,0,0,0
0,38,3,6,4,20,1,1,1,0,1,0,0
1,113,5,1,4,66,1,11,1,0,0,0,0
1,40,3,7,4,53,6,10,0,0,0,0,0
0,64,5,10,3,68,12,9,0,0,0,0,1
0,92,4,1,3,69,5,11,1,0,1,1,0
0,58,2,0,0,45,1,5,1,0,1,0,1
0,107,2,0,0,38,12,6,0,0,0,1,0
1,68,3,5,2,55,1,5,1,0,0,0,1
1,53,3,8,2,68,18,7,0,1,0,0,1
1,46,5,9,3,27,16,3,0,0,0,0,1
1,66,1,10,4,50,16,1,0,0,0,1,0
1,47,3,7,0,65,22,11,1,0,0,0,0
0,89,3,3,4,62,4,5,1,0,1,1,0
0,113,3,4,5,18,1,7,1,0,1,1,1
0,82,3,3,0,53,1,8,1,0,0,0,1
0,63,1,6,1,27,3,7,1,0,0,1,1
1,72,1,9,1,29,12,7,0,0,0,0,0
0,65,3,2,2,52,23,6,1,0,0,1,0
1,103,3,6,4,52,11,5,0,0,1,1,1
1,108,2,7,4,45,17,5,0,1,0,1,0
1,86,5,2,2,21,11,7,0,0,0,1,0
1,52,4,10,2,63,10,3,0,1,1,0,1
1,107,3,0,3,66,3,6,1,0,0,0,0
1,93,5,7,3,25,21,11,1,0,1,0,1
0,77,3,5,4,35,21,8,1,0,0,0,0
0,75,1,3,3,38,16,1,0,0,0,1,0
0,82,2,8,0,57,9,3,0,1,0,0,1
1,88,3,0,5,69,2,10,1,0,1,0,1
1,96,5,9,0,62,23,6,1,0,0,1,1
1,120,4,1,2,61,3,8,1,0,0,0,1
0,45,5,1,3,66,23,2,1,0,0,0,0
0,83,5,0,1,40,18,5,0,1,0,0,1
0,35,5,9,0,27,1,8,1,0,0,0,0
0,44,4,8,1,29,0,2,1,0,0,1,1
0,90,4,6,3,26,5,9,1,0,0,1,0
1,60,4,8,0,49,18,9,0,1,1,0,1
1,67,1,8,3,61,22,5,1,0,0,0,0
0,96,1,5,1,58,5,6,1,0,0,0,1
1,47,1,10,5,63,4,12,1,0,0,0,1
0,94,4,9,4,21,1,8,1,0,0,0,1
1,54,3,2,5,23,12,6,0,0,0,1,1
1,54,2,1,2,24,14,12,0,0,0,0,0
1,111,1,7,0,33,18,1,0,1,0,0,1
1,60,5,1,1,42,23,11,1,0,0,0,1
1,113,3,10,0,20,8,7,0,1,0,1,1
0,68,5,2,5,69,17,12,0,1,0,0,1
1,98,2,6,2,25,0,7,1,0,0,0,0
1,60,5,8,2,58,12,8,0,0,1,0,0
1,79,1,8,5,60,21,5,1,0,1,0,1
1,50,1,9,5,47,5,10,1,0,0,0,0
0,119,5,2,4,69,7,2,0,0,0,0,0
1,35,1,0,4,57,16,1,0,0,1,1,1
1,82,4,0,3,27,6,11,0,0,0,0,0
0,118,3,9,3,70,16,7,0,0,0,0,1
1,49,5,5,2,54,8,10,0,1,0,0,0
1,66,5,3,2,35,7,1,0,0,0,0,1
0,78,1,0,1,27,2,12,1,0,0,0,1
1,55,3,4,4,55,6,11,0,0,0,0,0
1,85,1,3,3,61,16,9,0,0,0,1,0
1,52,2,7,5,30,9,2,0,1,0,0,0
1,116,3,9,5,62,23,7,1,0,0,0,0
1,108,1,2,4,59,11,3,0,0,1,0,0
0,102,3,8,0,67,7,5,0,0,0,1,0
1,71,2,2,2,38,0,1,1,0,0,0,1
1,103,5,10,0,19,20,1,1,0,0,0,1
1,117,3,1,1,46,3,7,1,0,0,0,0
1,78,5,6,3,44,21,12,1,0,1,0,0
1,78,3,5,0,28,13,3,0,0,0,1,0
1,58,3,6,5,67,0,10,1,0,0,0,0
0,75,4,1,4,22,20,5,1,0,1,0,0
1,49,4,10,0,56,8,5,0,1,1,0,0
1,100,4,5,2,59,16,12,0,0,0,0,1
0,46,5,1,2,37,3,11,1,0,0,1,1
1,120,5,10,0,22,10,9,0,1,1,1,1
1,114,2,0,5,30,9,5,0,1,1,0,1
1,110,3,6,4,70,13,6,0,0,0,0,0
0,43,1,4,5,54,7,1,0,0,1,0,0
1,47,5,1,3,39,3,8,1,0,0,0,1
0,58,1,0,3,60,20,6,1,0,1,0,1
0,45,5,9,5,54,18,9,0,1,0,1,0
0,80,1,10,3,19,8,8,0,1,0,0,1
1,118,2,5,5,56,5,4,1,0,1,1,0
1,104,5,3,1,54,0,4,1,0,0,0,0
1,67,4,0,2,55,20,12,1,0,0,0,1
1,84,3,0,3,48,5,11,1,0,0,0,0
1,82,5,6,1,24,5,8,1,0,0,0,0
1,82,5,6,2,68,14,11,0,0,1,0,1
1,77,3,2,0,38,8,10,0,1,0,0,1
1,117,4,5,3,64,20,4,1,0,0,1,0
1,37,5,3,2,23,7,3,0,0,0,0,0
1,50,4,6,3,65,10,1,0,1,0,0,1
0,117,4,5,0,51,15,9,0,0,0,0,1
1,70,1,4,3,25,3,1,1,0,0,0,0
1,55,3,4,4,53,9,10,0,1,0,1,0
0,93,1,2,5,60,20,11,1,0,0,0,0
0,67,2,7,4,66,0,12,1,0,0,1,0
1,51,3,9,1,38,9,12,0,1,0,0,1
1,97,1,5,2,69,4,4,1,0,0,0,0
0,104,4,8,2,27,15,4,0,0,0,0,1
1,46,4,4,4,39,4,3,1,0,0,0,1
0,71,3,6,5,36,22,11,1,0,0,0,1
0,59,1,10,2,35,4,5,1,0,0,0,1
1,62,4,6,1,46,12,9,0,0,0,0,1
1,45,2,2,4,64,10,3,0,1,1,0,0
1,81,3,1,0,65,8,6,0,1,1,0,1
1,119,1,6,4,63,12,1,0,0,0,0,0
1,74,4,5,2,38,18,1,0,1,1,1,1
1,51,5,0,5,29,3,6,1,0,0,0,1
0,82,1,0,0,18,3,2,1,0,0,0,0
0,31,3,6,1,53,3,11,1,0,0,0,0
1,88,4,2,2,18,2,5,1,0,0,1,1
1,105,1,10,1,44,22,4,1,0,0,0,0
1,62,2,3,0,59,13,1,0,0,0,1,0
1,85,5,0,5,46,3,8,1,0,0,0,0
1,101,5,5,0,48,19,1,0,1,1,0,1
1,35,5,4,2,26,3,8,1,0,1,0,0
1,86,1,8,0,52,5,1,1,0,1,0,1
1,52,5,8,4,29,17,6,0,1,0,0,1
1,116,2,5,3,64,16,1,0,0,0,0,0
0,77,2,10,4,36,15,1,0,0,0,0,1
1,81,5,7,2,53,0,4,1,0,0,1,1
0,69,2,8,1,52,2,5,1,0,1,1,1
0,37,2,0,4,39,10,8,0,1,1,0,0
0,31,4,1,0,30,17,1,0,1,0,1,1
0,119,4,2,0,42,20,10,1,0,0,0,1
1,120,3,5,0,47,17,8,0,1,0,0,1
1,45,3,3,3,40,1,2,1,0,0,0,1
0,76,2,6,2,28,4,12,1,0,0,0,1
0,76,5,0,5,53,1,3,1,0,0,0,1
1,65,4,6,5,61,21,4,1,0,1,1,0
1,50,4,9,0,19,12,1,0,0,0,0,0
1,94,4,7,3,39,1,6,1,0,0,0,0
1,72,1,4,2,48,21,4,1,0,1,0,1
1,39,4,0,3,39,22,12,1,0,0,1,0
1,98,3,6,4,18,12,12,0,0,0,0,0
1,53,5,8,4,18,20,8,1,0,1,0,1
1,89,1,6,3,18,10,9,0,1,0,0,0
1,54,5,7,0,19,7,11,0,0,0,1,1
0,84,1,9,1,50,23,1,1,0,1,0,1
1,113,1,1,0,33,17,10,0,1,1,0,0
0,69,5,4,3,54,5,8,1,0,0,0,1
1,70,2,2,4,34,4,9,1,0,1,0,0
1,104,5,3,4,23,21,9,1,0,0,1,1
1,86,1,2,3,66,13,8,0,0,0,0,1
0,45,4,10,2,65,21,3,1,0,0,1,1
1,85,1,5,1,65,6,9,0,0,0,0,1
0,95,5,5,1,26,7,5,0,0,0,0,0
1,56,3,7,0,30,1,6,1,0,1,0,0
1,73,3,5,5,20,8,1,0,1,0,0,0
1,35,5,9,5,59,10,12,0,1,0,0,1
0,115,4,0,4,27,7,8,0,0,0,0,0
0,39,3,0,3,45,16,7,0,0,1,0,1
0,53,3,2,5,61,16,3,0,0,0,0,1
1,106,3,6,4,29,3,3,1,0,0,0,0
1,42,3,4,3,33,5,8,1,0,0,0,1
0,120,4,6,2,28,3,11,1,0,0,0,0
0,68,1,1,0,66,8,5,0,1,1,0,1
0,67,3,5,5,57,14,9,0,0,0,1,1
1,71,1,2,2,62,0,12,1,0,0,1,1
1,93,4,8,3,38,6,6,0,0,0,0,1
1,41,5,10,2,39,23,4,1,0,0,1,0
1,65,1,6,0,44,13,7,0,0,0,1,1
1,111,3,3,4,40,4,8,1,0,0,0,1
1,70,1,1,5,63,8,7,0,1,1,0,0
1,88,2,4,3,34,0,6,1,0,0,1,1
1,102,2,1,1,43,12,9,0,0,0,0,0
1,39,5,6,0,65,4,4,1,0,0,1,1
1,89,3,8,3,34,18,10,0,1,0,0,1
1,73,5,10,3,68,17,6,0,1,0,0,0
0,70,3,10,3,39,12,10,0,0,0,1,0
1,103,1,0,2,67,6,12,0,0,0,0,1
0,102,5,9,4,34,2,6,1,0,0,1,1
1,98,5,5,1,49,3,7,1,0,0,1,0
1,104,1,1,2,65,8,8,0,1,0,0,1
1,45,1,1,2,26,12,12,0,0,0,0,1
1,108,2,3,1,57,16,6,0,0,0,0,1
0,55,1,4,1,59,15,5,0,0,1,0,1
1,90,5,8,0,41,12,9,0,0,0,0,1
1,84,1,3,4,25,20,5,1,0,1,1,1
1,104,2,9,0,37,7,11,0,0,0,0,0
1,104,4,1,1,45,1,11,1,0,0,0,0
1,87,4,9,0,64,0,2,1,0,0,0,0
1,37,2,9,1,40,0,3,1,0,0,0,1
1,35,3,3,2,27,1,8,1,0,0,1,0
0,31,1,7,4,56,19,9,0,1,0,0,1
1,56,1,7,1,63,14,10,0,0,0,0,1
1,112,4,10,0,47,9,10,0,1,0,1,0
0,89,2,0,5,32,16,5,0,0,0,1,1
1,30,2,5,3,31,3,4,1,0,1,0,1
1,98,4,2,3,21,21,5,1,0,0,1,1
1,67,1,2,3,38,21,9,1,0,0,1,1
1,109,4,10,2,27,4,8,1,0,0,0,0
0,111,4,5,3,35,15,12,0,0,0,1,0
1,36,3,4,1,55,10,8,0,1,0,0,0
1,99,5,8,0,42,17,4,0,1,0,0,1
1,80,3,10,2,69,6,2,0,0,0,0,1
0,90,5,4,5,27,10,8,0,1,0,1,1
0,38,1,0,0,46,20,11,1,0,0,0,0
0,64,2,0,2,60,7,2,0,0,1,1,0
1,81,5,6,0,25,8,2,0,1,0,1,1
0,47,1,4,4,27,1,2,1,0,1,0,1
1,37,5,7,2,61,14,7,0,0,1,0,1
1,111,1,2,1,56,10,6,0,1,0,1,1
1,111,1,0,0,25,16,12,0,0,0,1,1
0,80,1,0,2,54,16,1,0,0,1,0,1
0,34,2,7,3,19,5,5,1,0,0,0,0
1,94,1,8,5,25,19,6,0,1,1,0,1
1,94,1,8,4,61,15,6,0,0,1,0,1
1,69,3,4,4,45,6,9,0,0,0,1,0
1,36,2,8,2,24,0,8,1,0,0,1,1
1,117,3,2,4,52,22,7,1,0,0,0,0
0,120,1,10,0,46,7,8,0,0,0,1,1
1,115,5,1,4,44,8,9,0,1,1,0,1
1,66,4,2,1,36,1,5,1,0,1,0,1
0,90,4,0,5,69,22,10,1,0,1,1,0
1,49,5,7,3,47,20,3,1,0,0,0,0
1,101,5,9,0,18,6,4,0,0,0,1,1
1,89,2,4,4,31,11,6,0,0,0,1,1
0,45,4,2,0,36,17,4,0,1,1,0,1
1,90,2,10,2,39,22,7,1,0,0,0,1
1,61,5,1,0,64,21,6,1,0,1,0,0
0,47,4,6,4,20,2,3,1,0,0,0,0
1,116,1,8,0,52,19,10,0,1,0,0,0
0,47,4,5,2,27,16,4,0,0,0,0,0
0,43,4,9,4,56,17,11,0,1,1,0,0
0,65,2,6,3,37,14,4,0,0,1,0,0
0,82,1,7,1,41,11,8,0,0,0,1,0
1,47,1,1,3,59,7,7,0,0,0,1,0
1,95,3,7,1,18,3,6,1,0,0,1,1
0,64,3,7,3,46,17,11,0,1,0,0,0
1,47,3,6,3,68,2,11,1,0,1,1,1
1,77,4,2,2,41,8,10,0,1,0,1,0
0,35,3,1,4,55,13,12,0,0,1,0,0
1,54,2,9,1,29,12,11,0,0,0,1,0
1,64,2,0,5,62,14,3,0,0,0,1,0
1,56,4,9,2,39,23,8,1,0,1,0,1
0,96,1,3,1,32,10,6,0,1,1,1,0
0,38,2,7,1,53,1,8,1,0,0,0,0
1,120,5,0,4,47,13,11,0,0,0,1,0
0,34,3,2,1,55,0,12,1,0,0,0,1
0,53,1,2,1,22,17,2,0,1,0,0,0
1,37,4,0,5,33,0,10,1,0,0,0,0
1,42,5,3,3,26,16,12,0,0,0,0,1
1,53,4,3,5,28,16,6,0,0,0,1,1
1,35,3,0,5,58,3,11,1,0,0,1,1
1,68,5,1,3,33,22,12,1,0,0,1,0
0,110,5,10,5,54,21,5,1,0,0,0,0
1,113,4,10,5,49,16,2,0,0,0,0,0
0,43,5,3,3,28,23,10,1,0,0,0,1
0,43,5,5,0,64,19,1,0,1,1,1,0
0,102,4,0,3,61,1,7,1,0,0,0,0
1,89,1,9,0,37,13,4,0,0,0,0,1
1,101,4,0,2,50,1,1,1,0,0,0,1
1,45,2,8,1,62,7,2,0,0,0,0,1
1,82,1,5,1,49,18,3,0,1,1,0,0
1,104,3,6,1,22,9,8,0,1,1,1,1
1,41,4,5,5,45,7,11,0,0,0,0,1
1,109,2,8,5,21,23,12,1,0,0,0,1
1,49,2,6,5,51,12,2,0,0,0,0,1
1,31,5,2,4,18,22,3,1,0,1,0,1
1,31,2,8,4,49,5,3,1,0,0,0,0
1,40,4,10,0,63,1,6,1,0,0,0,0
0,39,4,1,0,33,6,9,0,0,0,0,0
1,31,4,4,3,50,8,9,0,1,0,0,1
0,113,5,4,5,46,8,3,0,1,0,0,0
0,90,3,3,0,48,9,3,0,1,0,1,0
1,67,3,10,3,55,1,2,1,0,0,1,0
1,117,2,7,5,39,12,1,0,0,0,1,1
0,118,5,2,3,35,2,6,1,0,0,0,0
0,92,5,9,2,67,11,1,0,0,0,1,0
1,95,1,1,0,31,21,5,1,0,0,1,1
1,95,1,3,0,19,20,9,1,0,0,0,0
1,78,1,6,5,36,14,4,0,0,0,0,0
0,65,3,1,2,40,15,10,0,0,0,1,0
1,52,5,2,1,50,0,2,1,0,1,0,1
1,61,2,4,1,29,14,2,0,0,1,0,1
1,85,2,3,0,23,7,10,0,0,0,0,0
1,119,5,9,2,44,5,3,1,0,0,1,1
1,31,2,0,3,59,10,9,0,1,0,0,1
1,115,3,0,2,58,8,6,0,1,0,0,0
1,105,5,8,4,48,0,5,1,0,1,1,1
0,40,2,7,5,32,9,3,0,1,0,0,1
1,35,5,8,2,35,14,2,0,0,0,0,1
0,88,2,6,0,70,16,2,0,0,0,0,1
0,62,4,4,0,21,22,8,1,0,0,0,1
1,61,5,5,5,69,19,7,0,1,0,0,1
0,120,1,10,2,29,19,8,0,1,0,0,1
1,120,1,4,1,20,6,10,0,0,0,0,1
1,120,2,9,5,44,3,4,1,0,0,1,1
1,33,3,7,5,63,5,5,1,0,0,0,0
1,106,4,6,1,64,23,7,1,0,0,0,1
1,74,4,8,0,33,6,12,0,0,0,1,1
0,79,3,9,0,19,23,4,1,0,0,0,1
1,69,1,7,5,19,22,5,1,0,0,0,0
0,73,2,1,3,28,7,5,0,0,0,1,1
1,71,1,7,2,38,2,11,1,0,1,0,1
1,38,5,0,2,26,17,7,0,1,0,1,1
1,97,4,2,5,49,18,1,0,1,0,1,0
1,59,1,2,1,18,19,10,0,1,0,1,0
0,86,2,10,5,23,0,6,1,0,0,0,1
0,103,5,6,4,43,12,12,0,0,1,0,1
1,113,2,8,5,34,17,3,0,1,1,0,0
0,103,4,7,0,40,13,8,0,0,0,0,0
1,41,1,1,0,61,5,1,1,0,1,0,0
0,35,3,10,0,68,7,7,0,0,1,0,0
1,38,3,3,5,67,3,8,1,0,0,0,1
1,42,5,3,0,38,15,4,0,0,0,0,1
1,103,5,7,2,43,13,10,0,0,0,0,1
1,31,5,2,3,46,11,1,0,0,0,0,1
1,110,4,2,3,50,19,4,0,1,0,0,0
0,41,3,4,2,47,17,5,0,1,0,0,1
0,51,3,5,3,37,15,7,0,0,0,1,0
1,70,5,7,4,49,18,11,0,1,0,0,1
1,42,1,2,3,60,7,10,0,0,0,0,0
1,32,2,8,0,60,15,2,0,0,0,0,1
0,105,2,0,2,40,22,12,1,0,0,0,0
1,35,2,8,0,42,3,5,1,0,0,1,0
1,64,4,8,3,54,23,9,1,0,0,0,1
1,31,4,5,4,56,2,12,1,0,0,1,0
1,78,1,4,2,52,23,12,1,0,0,1,1
1,105,2,5,4,32,5,1,1,0,0,1,0
0,100,2,8,4,30,6,6,0,0,1,1,1
1,70,4,6,1,33,4,10,1,0,0,1,0
1,73,2,1,5,51,10,4,0,1,1,1,0
1,47,2,5,4,37,6,2,0,0,0,1,1
1,97,5,10,2,60,22,8,1,0,0,0,1
0,57,5,10,4,24,10,5,0,1,0,0,0
0,53,5,5,3,47,10,5,0,1,0,0,1
1,114,2,0,5,53,13,8,0,0,0,0,1
1,34,1,3,5,51,17,10,0,1,0,0,1
1,102,1,10,3,33,16,1,0,0,0,0,0
1,103,4,3,4,39,3,6,1,0,0,0,1
0,37,4,2,2,49,14,11,0,0,1,0,0
1,54,5,7,5,37,21,4,1,0,0,0,0
1,100,3,8,5,69,14,5,0,0,0,0,1
1,96,2,9,2,29,4,3,1,0,0,0,1
0,103,5,9,1,37,5,1,1,0,0,0,1
1,118,1,3,5,38,9,1,0,1,1,0,0
1,37,3,4,0,36,0,5,1,0,0,0,1
1,45,4,1,3,40,16,3,0,0,0,0,1
1,43,4,0,4,22,3,6,1,0,0,0,1
1,71,5,3,0,48,2,8,1,0,0,1,1
1,60,4,2,4,46,20,9,1,0,0,1,1
1,67,2,5,2,47,7,8,0,0,0,0,0
0,70,5,5,0,70,11,1,0,0,0,0,1
0,110,4,0,5,70,9,2,0,1,0,0,1
1,67,3,1,2,36,19,1,0,1,0,1,0
1,39,1,3,0,20,19,6,0,1,0,0,1
1,43,2,5,4,39,4,9,1,0,0,0,0
1,43,5,3,0,64,8,3,0,1,1,0,1
0,62,3,2,1,38,5,1,1,0,1,1,0
0,110,2,5,5,23,14,8,0,0,0,0,1
0,89,3,9,4,43,3,5,1,0,0,0,0
0,117,3,2,1,25,13,7,0,0,0,1,1
0,59,4,7,1,70,6,11,0,0,0,1,1
0,112,3,10,2,33,17,7,0,1,1,1,1
0,103,3,1,0,52,5,12,1,0,0,0,0
1,32,5,1,4,28,4,3,1,0,1,1,0
1,80,3,6,0,40,16,4,0,0,0,1,1
1,71,4,6,4,57,11,9,0,0,0,0,0
1,62,2,4,3,32,2,12,1,0,0,1,1
0,57,2,4,3,62,9,10,0,1,1,0,0
0,119,1,8,1,68,23,10,1,0,0,1,1
1,119,1,8,3,64,7,10,0,0,0,0,1
1,31,2,2,0,50,3,6,1,0,0,0,1
1,120,2,2,2,46,6,7,0,0,0,1,0
1,34,1,1,1,29,2,9,1,0,0,1,0
1,85,1,2,3,44,7,11,0,0,0,0,1
1,98,4,7,5,22,15,11,0,0,1,1,0
1,110,5,1,2,18,8,1,0,1,0,1,0
1,86,5,2,0,65,1,6,1,0,0,0,0
1,103,4,9,1,58,14,1,0,0,1,0,0
1,81,1,0,4,28,6,6,0,0,0,1,1
1,98,3,7,1,47,6,9,0,0,0,0,0
1,93,5,2,5,47,16,2,0,0,1,0,1
1,53,2,9,5,45,20,6,1,0,0,0,1
1,117,2,6,4,30,19,8,0,1,0,1,0
0,112,5,0,4,21,17,2,0,1,0,0,1
1,56,2,10,3,41,4,3,1,0,0,1,0
1,92,4,4,5,49,5,3,1,0,0,1,0
1,108,5,0,4,34,0,7,1,0,0,0,0
1,75,1,2,5,60,11,1,0,0,0,1,0
0,72,5,0,4,54,5,3,1,0,0,1,0
1,70,4,4,1,47,1,5,1,0,0,1,1
1,79,2,4,4,25,6,3,0,0,0,0,0
1,92,4,3,4,26,18,2,0,1,0,0,1
0,45,4,3,5,33,4,9,1,0,0,1,0
1,111,5,5,0,43,9,7,0,1,0,0,0
1,116,1,1,4,41,13,8,0,0,0,1,1
0,39,2,0,0,28,8,3,0,1,0,0,0
1,83,4,1,3,42,9,11,0,1,0,1,1
1,104,4,6,3,44,1,7,1,0,0,0,0
1,74,5,2,1,45,5,6,1,0,0,0,0
1,48,5,8,0,45,16,3,0,0,0,0,1
1,37,1,4,1,60,4,9,1,0,0,0,0
1,81,5,5,0,43,16,12,0,0,0,0,1
1,54,5,1,0,47,21,6,1,0,0,1,1
1,34,2,8,0,61,7,1,0,0,0,0,1
1,105,1,5,2,30,7,6,0,0,0,1,1
1,73,4,5,5,58,23,9,1,0,0,1,0
0,115,4,8,1,44,6,12,0,0,0,0,0
0,40,5,1,1,57,9,6,0,1,0,0,1
0,107,4,0,2,57,13,11,0,0,0,0,0
1,114,4,6,3,48,17,6,0,1,1,0,1
0,36,5,8,5,68,7,4,0,0,0,0,1
1,57,4,1,2,50,6,4,0,0,1,1,0
1,98,3,1,3,40,7,6,0,0,0,0,1
1,41,1,6,3,65,2,8,1,0,0,1,0
1,86,4,7,1,61,19,11,0,1,1,0,1
0,64,3,4,0,27,22,1,1,0,0,1,1
1,113,3,8,1,68,9,1,0,1,0,0,1
1,118,5,0,4,52,10,9,0,1,0,0,1
0,71,5,8,4,39,7,1,0,0,0,1,0
1,38,4,9,4,43,7,11,0,0,0,0,0
1,31,3,5,0,30,9,10,0,1,0,1,0
1,95,2,9,1,65,1,4,1,0,0,0,0
0,41,3,9,2,70,1,7,1,0,1,0,1
0,103,1,5,0,44,6,2,0,0,1,0,0
1,105,4,4,4,24,10,6,0,1,0,0,1
0,95,3,1,2,70,12,12,0,0,0,0,0
0,74,1,8,1,59,14,5,0,0,0,0,1
1,41,4,5,1,56,5,12,1,0,0,1,0
0,86,1,5,2,35,5,11,1,0,0,1,0
1,37,1,0,0,59,12,2,0,0,0,1,0
1,103,5,8,0,31,5,12,1,0,0,0,1
1,48,5,8,1,68,13,1,0,0,0,0,1
1,114,4,9,3,26,16,1,0,0,0,0,1
1,43,5,0,1,41,21,10,1,0,1,0,0
1,82,3,8,4,62,3,12,1,0,0,0,1
0,32,2,7,1,19,21,10,1,0,0,0,0
0,109,3,1,5,36,19,9,0,1,0,1,1
1,48,2,1,1,60,14,2,0,0,0,0,1
1,41,2,2,3,63,22,6,1,0,0,0,0
1,100,4,10,1,47,5,12,1,0,1,0,0
0,99,5,2,5,57,21,2,1,0,0,0,1
1,72,1,5,1,18,19,3,0,1,0,0,0
1,65,4,9,0,51,3,10,1,0,0,1,0
0,110,1,4,1,62,17,4,0,1,0,1,0
1,40,1,9,3,31,0,7,1,0,1,0,0
1,59,2,2,5,52,3,5,1,0,0,1,0
1,75,1,5,0,18,17,2,0,1,1,0,1
0,81,2,6,2,63,18,3,0,1,0,0,0
1,78,4,1,5,34,12,4,0,0,1,0,0
1,68,2,2,0,37,22,6,1,0,0,0,0
1,48,5,5,5,43,23,3,1,0,1,0,1
0,44,4,3,5,18,5,12,1,0,1,0,1
0,116,2,7,2,64,3,1,1,0,0,1,0
0,77,5,1,3,46,16,8,0,0,0,0,1
1,54,3,4,4,19,8,1,0,1,0,0,1
1,57,4,0,5,63,10,6,0,1,0,1,0
1,38,1,2,0,18,3,5,1,0,0,1,0
1,106,3,3,0,61,17,12,0,1,0,0,1
1,81,1,7,1,48,7,9,0,0,0,0,1
1,50,1,0,5,30,20,7,1,0,0,0,0
0,85,2,3,3,47,16,4,0,0,0,0,0
0,99,4,8,0,25,13,4,0,0,0,1,1
0,33,4,5,0,63,14,10,0,0,1,1,1
1,85,5,2,2,28,2,12,1,0,0,0,1
0,43,2,7,3,44,12,12,0,0,0,0,0
0,82,1,9,1,67,5,6,1,0,1,0,1
0,93,1,5,5,47,6,10,0,0,0,0,0
1,64,2,10,3,66,17,1,0,1,0,0,0
1,46,3,3,2,64,12,12,0,0,0,0,1
0,78,4,9,2,21,6,4,0,0,0,0,0
1,60,3,6,2,59,2,6,1,0,0,0,0
1,58,2,2,5,69,3,4,1,0,0,0,1
1,75,2,8,4,27,20,12,1,0,0,0,1
0,42,3,9,2,60,20,1,1,0,0,0,0
1,76,5,4,4,46,23,6,1,0,1,1,0
1,113,4,2,0,38,8,9,0,1,1,0,1
1,69,5,7,5,56,12,7,0,0,0,0,1
1,30,4,5,1,62,22,5,1,0,0,0,0
0,107,2,4,4,24,4,8,1,0,0,0,0
0,60,1,2,0,52,16,9,0,0,0,0,0
0,119,1,0,1,39,21,9,1,0,0,0,1
1,43,5,5,0,35,9,9,0,1,0,0,1
0,108,3,5,5,38,6,6,0,0,0,0,0
1,38,2,10,4,25,17,6,0,1,0,0,0
0,87,3,8,0,18,22,12,1,0,1,0,1
1,58,1,7,2,53,20,2,1,0,0,1,0
1,112,2,10,1,31,2,3,1,0,0,0,0
1,92,2,0,3,30,14,12,0,0,0,0,0
0,107,3,2,1,44,7,8,0,0,0,0,1
1,102,1,10,2,68,1,2,1,0,0,0,0
0,66,1,7,1,33,11,5,0,0,0,0,1
0,87,5,10,4,43,6,2,0,0,0,0,0
1,56,1,6,3,62,1,12,1,0,0,0,1
1,120,5,9,4,21,22,3,1,0,0,0,1
1,64,5,1,4,35,5,10,1,0,0,1,1
0,59,3,3,5,68,11,9,0,0,1,0,0
1,59,3,4,1,53,7,4,0,0,1,1,1
1,34,4,1,4,43,7,4,0,0,0,1,1
1,88,4,6,2,49,15,7,0,0,0,0,0
1,106,4,7,2,19,3,3,1,0,0,0,0
0,115,5,8,2,56,13,1,0,0,0,0,1
1,89,1,5,3,35,17,5,0,1,1,0,1
1,69,5,2,4,55,19,12,0,1,0,1,0
0,119,3,2,1,35,5,10,1,0,0,0,0
1,102,4,1,0,27,8,8,0,1,0,1,1
1,101,1,7,0,70,10,7,0,1,0,0,0
1,80,1,8,1,47,14,4,0,0,0,1,1
1,94,2,2,2,56,1,10,1,0,0,0,0
1,55,1,8,4,28,14,10,0,0,0,1,1
0,73,5,7,4,38,12,4,0,0,0,0,0
1,67,1,7,2,58,2,10,1,0,0,1,1
0,72,1,10,1,49,21,7,1,0,1,0,1
1,114,2,10,0,39,15,3,0,0,0,0,1
1,37,5,0,1,24,15,9,0,0,0,0,1
1,73,1,3,0,67,16,12,0,0,0,0,1
1,100,3,10,1,56,13,7,0,0,0,0,1
1,32,1,3,1,62,18,4,0,1,0,1,1
0,38,5,5,4,70,3,1,1,0,0,1,0
0,104,1,10,5,35,22,1,1,0,0,0,0
1,96,4,6,2,36,10,4,0,1,0,1,0
1,91,5,6,1,54,0,11,1,0,0,0,1
1,63,3,3,3,27,14,12,0,0,1,0,1
0,118,3,2,5,21,15,6,0,0,1,0,1
0,55,3,3,5,24,20,10,1,0,0,0,1
1,90,3,0,5,37,0,9,1,0,1,0,0
1,75,3,5,1,52,21,1,1,0,0,0,1
1,95,3,5,3,24,19,1,0,1,0,0,1
0,117,2,10,4,51,12,12,0,0,0,0,1
1,77,4,1,0,37,1,12,1,0,0,0,0
1,75,3,8,0,49,3,10,1,0,0,1,1
0,95,4,8,1,26,0,4,1,0,0,1,0
1,57,4,4,1,52,10,9,0,1,0,1,0
1,87,1,0,0,45,16,7,0,0,0,0,0
0,72,1,0,5,38,0,2,1,0,1,0,1
1,70,5,7,2,63,4,2,1,0,0,0,0
0,39,2,4,4,44,10,11,0,1,0,0,1
1,98,2,8,2,54,13,7,0,0,0,0,1
0,119,1,2,5,64,3,10,1,0,0,0,0
1,68,3,4,5,64,8,11,0,1,0,0,1
1,112,2,8,1,59,8,8,0,1,0,0,1
0,77,2,2,5,21,5,11,1,0,0,0,0
1,36,3,6,5,56,13,4,0,0,1,1,1
0,80,5,2,5,32,22,5,1,0,0,0,1
0,80,3,5,4,58,10,7,0,1,1,0,0
0,53,1,2,0,24,15,3,0,0,0,1,0
0,31,3,4,1,18,21,10,1,0,0,0,0
1,74,2,3,0,35,5,4,1,0,1,0,0
0,107,1,8,5,23,9,7,0,1,0,1,0
1,95,3,5,3,21,21,1,1,0,0,0,1
1,81,1,3,1,58,13,12,0,0,0,0,1
1,56,1,10,3,64,19,11,0,1,0,1,1
1,62,2,7,4,54,13,2,0,0,1,1,0
1,43,1,5,1,70,7,7,0,0,1,0,1
0,117,1,0,2,57,12,9,0,0,0,0,1
0,45,4,2,0,66,23,3,1,0,0,0,1
1,119,2,3,3,69,9,2,0,1,1,1,0
1,34,5,1,0,38,20,9,1,0,0,0,1
1,85,2,8,5,41,21,6,1,0,0,1,0
1,111,2,3,5,65,8,6,0,1,0,1,1
1,88,4,5,2,21,6,3,0,0,0,1,0
1,89,3,7,5,64,10,12,0,1,0,0,0
1,37,1,5,2,31,9,5,0,1,0,0,1
1,84,5,1,3,51,12,4,0,0,1,0,1
0,46,1,2,2,60,0,9,1,0,1,0,1
0,92,4,1,5,63,19,4,0,1,1,0,0
0,48,5,1,5,66,17,8,0,1,0,0,0
0,90,4,7,4,37,13,11,0,0,0,0,0
1,94,2,4,3,39,10,11,0,1,0,0,0
1,42,4,6,5,29,5,5,1,0,0,0,1
1,41,5,9,5,68,16,9,0,0,0,0,1
1,72,4,5,5,47,10,6,0,1,0,1,0
0,109,3,1,1,58,21,2,1,0,0,0,1
1,44,1,4,0,43,12,9,0,0,0,0,1
0,30,4,5,2,38,2,9,1,0,0,0,0
1,106,4,7,5,21,11,12,0,0,0,1,0
1,100,4,4,1,33,9,7,0,1,0,0,1
1,32,2,8,5,26,11,10,0,0,0,0,0
0,69,3,2,2,34,10,10,0,1,0,1,1
1,39,4,8,4,45,0,6,1,0,0,0,0
1,84,1,1,3,70,10,10,0,1,1,0,1
0,57,5,7,4,55,2,3,1,0,1,1,0
0,86,4,9,5,66,8,12,0,1,0,0,1
1,72,3,3,1,51,21,9,1,0,0,0,1
1,45,5,6,1,25,7,12,0,0,0,0,0
1,70,4,5,4,66,10,1,0,1,0,0,1
1,55,1,8,4,58,17,3,0,1,0,0,0
1,47,2,7,5,51,23,11,1,0,0,1,1
1,76,4,8,0,65,2,6,1,0,1,0,1
1,115,3,10,2,42,18,9,0,1,0,1,1
1,34,4,3,5,24,12,12,0,0,0,0,0
1,92,5,3,1,18,15,6,0,0,0,0,1
0,78,4,8,0,42,2,7,1,0,1,1,1
1,82,3,6,2,27,0,4,1,0,0,1,0
0,97,1,8,1,45,1,4,1,0,0,0,1
0,60,4,2,3,46,6,10,0,0,1,1,0
1,118,3,9,4,27,23,4,1,0,0,1,1
1,54,1,2,0,19,12,4,0,0,0,0,0
0,42,3,10,4,54,8,7,0,1,0,1,0
1,109,2,1,0,65,22,9,1,0,0,0,1
1,32,5,3,2,46,11,6,0,0,1,0,1
1,77,4,1,5,52,5,4,1,0,0,0,0
1,80,1,2,1,39,22,12,1,0,0,0,1
0,116,5,4,4,67,0,8,1,0,1,0,1
0,35,5,4,4,58,7,5,0,0,1,0,1
1,97,5,6,0,45,9,11,0,1,0,0,1
0,100,1,8,5,69,10,11,0,1,0,0,1
0,49,5,1,1,35,13,7,0,0,0,0,0
0,46,3,1,0,62,2,7,1,0,0,1,0
0,106,5,5,0,24,19,12,0,1,0,1,1
1,41,1,1,0,52,10,3,0,1,0,1,0
1,104,3,3,2,45,14,11,0,0,0,0,0
0,50,5,4,2,45,6,3,0,0,0,1,1
1,37,4,7,5,38,22,4,1,0,0,0,1
1,88,1,7,4,40,2,5,1,0,0,1,0
0,90,4,3,3,62,19,10,0,1,0,0,1
1,108,1,2,5,40,0,10,1,0,0,1,0
0,79,1,9,2,63,9,1,0,1,0,1,1
0,64,5,7,0,22,4,5,1,0,0,0,1
0,96,5,3,2,57,0,11,1,0,0,0,1
0,45,5,3,1,29,17,7,0,1,1,0,0
1,52,2,6,4,44,19,3,0,1,1,1,1
1,107,2,10,4,46,3,10,1,0,0,1,0
1,62,5,10,5,25,14,10,0,0,1,1,1
1,33,1,5,4,66,2,10,1,0,0,0,0
1,96,1,8,0,40,16,9,0,0,0,0,0
1,30,2,4,3,22,11,3,0,0,0,0,1
1,63,2,9,2,57,5,11,1,0,0,0,1
1,109,3,5,3,52,7,11,0,0,0,0,0
0,47,3,5,0,55,15,11,0,0,0,0,0
1,36,2,2,2,26,4,4,1,0,0,0,0
0,117,5,8,4,37,16,9,0,0,0,0,1
1,86,2,3,4,48,10,9,0,1,0,1,0
1,51,3,0,5,34,22,12,1,0,0,1,1
0,86,1,3,0,70,21,8,1,0,1,1,0
1,105,4,2,2,64,8,6,0,1,0,0,1
0,56,4,6,1,43,6,9,0,0,0,0,1
0,95,1,8,5,41,1,1,1,0,0,0,0
1,37,1,2,5,42,6,10,0,0,0,1,1
0,108,5,0,2,33,12,3,0,0,0,0,1
0,55,5,6,5,47,20,4,1,0,0,0,1
0,117,3,7,1,28,17,10,0,1,0,1,0
0,109,3,7,0,30,7,11,0,0,1,1,0
0,40,4,4,1,70,21,5,1,0,0,0,0
1,94,5,6,0,44,20,10,1,0,1,0,1
0,55,1,7,3,36,17,11,0,1,0,0,0
1,52,1,6,0,33,5,9,1,0,1,0,1
1,87,1,3,5,28,1,12,1,0,1,0,0
1,51,3,4,5,54,22,9,1,0,0,0,1
0,54,5,10,2,58,17,6,0,1,0,0,0
1,87,2,1,0,49,1,9,1,0,0,0,1
1,71,2,3,0,28,21,9,1,0,0,1,0
0,62,5,4,3,55,0,9,1,0,0,0,0
1,118,5,4,5,34,17,6,0,1,1,1,1
0,79,4,10,0,39,15,4,0,0,1,0,0
0,59,4,10,3,52,20,2,1,0,0,1,1
1,80,5,6,5,66,19,5,0,1,0,0,1
0,33,5,3,1,68,18,5,0,1,0,0,0
0,81,5,8,1,58,1,11,1,0,0,0,1
0,64,2,7,0,69,0,5,1,0,0,0,0
1,83,5,10,3,68,15,5,0,0,0,1,0
1,105,1,7,3,67,10,11,0,1,0,0,1
0,75,5,1,2,34,13,3,0,0,0,0,0
1,106,1,10,0,48,18,2,0,1,0,0,1
1,50,2,8,2,33,0,11,1,0,0,1,1
1,51,4,2,0,63,9,12,0,1,0,0,0
1,72,2,3,2,28,22,7,1,0,0,0,1
1,91,4,0,0,29,6,5,0,0,0,0,0
0,65,2,7,1,65,22,3,1,0,1,0,1
1,55,5,7,5,63,0,10,1,0,0,0,0
0,53,2,0,2,25,23,12,1,0,1,1,0
0,40,3,2,1,54,15,1,0,0,0,0,1
0,115,4,5,4,32,19,2,0,1,1,1,0
0,110,2,10,2,28,15,6,0,0,0,0,0
0,107,4,7,0,45,11,8,0,0,0,0,1
1,95,2,8,5,64,16,3,0,0,0,0,0
1,111,1,1,1,55,22,5,1,0,0,0,1
1,79,4,6,0,52,11,2,0,0,1,0,0
0,113,4,9,1,47,4,10,1,0,0,0,1
1,101,4,1,5,30,17,6,0,1,0,0,1
1,90,1,7,0,31,15,11,0,0,0,0,1
0,86,3,7,4,48,3,3,1,0,1,0,1
1,79,4,9,4,58,9,11,0,1,0,0,1
1,113,4,4,0,55,0,11,1,0,0,0,1
1,62,5,3,2,51,23,10,1,0,1,0,0
0,39,2,6,3,23,7,10,0,0,0,1,0
1,95,5,10,3,60,20,9,1,0,0,1,1
1,72,4,6,0,46,4,9,1,0,0,0,1
0,69,4,5,4,36,14,8,0,0,0,0,1
1,43,1,4,0,42,5,2,1,0,1,1,0
1,111,1,9,4,30,22,6,1,0,1,0,0
1,100,1,7,5,67,14,3,0,0,0,0,1
1,35,5,4,0,50,15,8,0,0,0,0,0
1,78,2,8,0,60,2,9,1,0,1,1,1
1,114,1,7,4,69,14,1,0,0,1,0,0
0,78,3,2,5,65,2,6,1,0,0,0,1
1,92,2,1,3,21,20,3,1,0,0,0,1
1,91,4,5,1,69,21,8,1,0,0,0,1
0,75,1,0,1,50,19,10,0,1,0,0,1
1,105,2,3,2,65,11,2,0,0,0,0,0
0,93,4,1,5,67,17,6,0,1,1,0,0
1,93,1,2,5,18,22,2,1,0,1,0,0
0,113,5,5,3,56,13,4,0,0,0,0,1
1,35,2,9,1,35,21,8,1,0,1,0,0
1,90,5,2,5,35,19,11,0,1,0,0,1
0,100,2,2,4,56,2,2,1,0,1,0,1
0,110,3,0,5,52,15,9,0,0,1,0,0
1,39,1,5,5,60,2,3,1,0,0,0,0
1,95,2,10,3,63,9,4,0,1,0,0,1
1,39,3,4,5,28,22,3,1,0,0,0,1
1,79,1,4,5,67,0,5,1,0,0,1,1
0,94,3,4,3,35,6,9,0,0,0,0,0
1,95,2,9,0,56,3,12,1,0,0,0,0
1,105,5,8,5,20,8,4,0,1,0,1,1
1,88,5,5,0,26,16,1,0,0,0,1,1
0,38,2,4,1,53,3,6,1,0,0,1,0
0,30,3,9,2,33,21,5,1,0,0,1,0
1,117,2,9,4,39,9,2,0,1,0,0,1
0,115,5,5,3,19,2,1,1,0,0,0,1
0,53,5,7,0,21,21,6,1,0,0,0,1
0,88,1,4,2,45,8,5,0,1,0,0,0
1,63,3,7,3,43,20,2,1,0,0,0,0
1,46,4,5,1,38,9,3,0,1,1,0,1
1,95,5,1,5,62,7,10,0,0,0,0,1
1,105,5,6,4,61,22,11,1,0,0,0,0
0,79,3,2,0,34,4,2,1,0,1,0,0
1,112,3,0,1,32,11,9,0,0,0,1,0
1,90,5,1,5,45,2,5,1,0,0,1,1
1,105,1,8,1,38,2,3,1,0,0,0,1
0,52,4,7,5,70,11,9,0,0,0,0,0
0,63,4,3,0,47,6,2,0,0,0,0,0
0,120,5,1,2,24,5,7,1,0,0,0,1
1,108,3,2,2,61,0,9,1,0,0,0,0
1,45,5,3,2,46,13,3,0,0,0,0,0
1,99,2,4,0,68,13,5,0,0,1,0,0
1,115,2,0,0,43,8,12,0,1,0,0,1
1,117,4,7,5,60,11,12,0,0,0,0,0
1,45,2,8,5,53,20,10,1,0,1,0,0
1,111,3,2,1,25,21,9,1,0,0,1,0
1,82,2,0,0,62,16,10,0,0,1,0,1
0,109,4,10,3,65,21,3,1,0,1,0,0
0,100,2,7,4,33,16,11,0,0,0,1,0
1,105,1,6,0,18,18,10,0,1,0,1,0
1,74,4,7,4,31,1,2,1,0,0,1,1
1,62,5,7,0,47,20,4,1,0,0,0,1
1,79,5,5,3,47,1,4,1,0,1,1,1
1,38,1,0,0,22,4,11,1,0,0,0,1
1,110,1,9,1,67,21,5,1,0,0,0,0
1,119,2,6,0,31,15,9,0,0,0,0,1
1,65,2,4,1,67,15,1,0,0,0,0,0
0,95,1,10,1,19,5,1,1,0,0,0,0
1,73,4,8,0,33,7,8,0,0,0,0,1
0,111,2,9,5,67,2,9,1,0,1,1,1
0,104,3,7,5,23,22,1,1,0,0,0,1
1,101,5,0,2,66,2,5,1,0,0,0,0
1,94,2,6,2,48,22,4,1,0,1,0,0
1,117,1,10,2,42,7,6,0,0,0,0,1
1,104,3,7,1,24,13,8,0,0,0,0,0
0,62,1,8,0,49,4,2,1,0,0,0,1
0,52,5,5,0,36,5,7,1,0,0,0,1
1,85,3,7,1,29,7,2,0,0,0,1,1
1,61,3,2,4,58,16,1,0,0,0,0,0
1,44,4,7,1,59,7,9,0,0,0,1,1
1,53,3,9,2,35,7,11,0,0,0,0,0
1,53,3,6,0,21,17,5,0,1,0,1,1
0,100,3,3,2,45,9,1,0,1,0,1,1
1,90,2,6,5,40,14,2,0,0,1,0,1
0,39,5,7,5,23,1,11,1,0,0,0,0
1,103,4,10,1,26,0,2,1,0,0,1,1
1,67,1,1,0,53,6,11,0,0,0,0,1
0,48,1,2,2,43,6,8,0,0,1,0,1
0,40,2,2,4,66,6,12,0,0,0,0,1
1,109,1,8,3,43,21,9,1,0,0,1,0
1,31,4,5,3,39,16,2,0,0,1,0,0
1,107,3,1,2,64,6,12,0,0,0,0,0
1,89,2,6,3,43,10,12,0,1,1,0,1
0,53,5,7,0,24,7,4,0,0,0,0,1
1,51,2,7,1,36,14,12,0,0,0,1,1
1,112,5,8,3,28,23,4,1,0,0,0,1
1,37,3,5,1,32,18,11,0,1,0,1,0
1,32,4,1,0,58,5,6,1,0,0,0,0
1,54,3,2,4,34,10,6,0,1,0,0,1
1,115,2,1,3,69,8,2,0,1,1,0,1
1,120,3,2,3,27,18,8,0,1,0,0,0
1,81,3,5,0,48,14,8,0,0,0,1,0
1,49,1,9,5,24,3,5,1,0,0,0,1
0,83,3,9,1,46,18,10,0,1,0,0,0
1,51,2,2,2,29,17,7,0,1,0,1,0
1,96,2,10,3,47,15,8,0,0,1,0,0
0,60,4,8,4,43,3,11,1,0,1,0,1
0,106,3,9,1,63,4,10,1,0,0,1,0
0,105,3,10,4,38,22,10,1,0,0,1,1
1,84,5,5,0,63,19,8,0,1,0,0,1
0,57,3,1,3,60,11,10,0,0,0,1,1
0,103,5,8,4,66,19,5,0,1,0,0,0
1,70,3,1,5,43,23,8,1,0,0,1,1
1,71,4,9,5,37,13,11,0,0,0,0,1
1,57,3,2,0,60,18,10,0,1,0,0,1
0,39,3,4,0,23,14,1,0,0,1,0,0
0,103,5,4,0,40,5,10,1,0,0,0,0
0,96,3,0,3,49,18,3,0,1,0,1,1
1,67,5,10,3,64,17,2,0,1,1,1,1
1,118,2,5,5,54,21,2,1,0,0,0,1
0,69,5,7,5,21,6,4,0,0,0,0,1
0,58,3,5,4,66,11,3,0,0,0,0,1
1,91,1,0,1,68,3,8,1,0,0,0,0
1,81,4,10,5,50,7,2,0,0,0,0,0
1,69,2,9,4,28,0,2,1,0,1,1,1
1,59,2,2,1,66,23,12,1,0,0,0,1
1,87,4,7,1,56,11,1,0,0,0,0,0
0,31,2,6,1,20,18,8,0,1,0,0,0
1,104,3,9,5,22,23,5,1,0,1,0,1
1,75,2,5,0,41,5,9,1,0,1,1,0
1,49,3,3,3,30,3,2,1,0,0,0,1
0,101,1,10,2,45,16,7,0,0,0,0,1
0,86,2,9,5,21,19,9,0,1,1,1,1
0,60,5,5,1,33,3,2,1,0,0,1,1
1,79,5,10,1,57,1,5,1,0,0,0,1
1,65,5,9,2,52,22,3,1,0,0,0,1
1,58,1,1,1,59,15,4,0,0,1,0,1
1,87,4,5,0,69,12,6,0,0,0,1,1
1,106,2,3,2,52,20,11,1,0,0,0,1
0,60,2,5,5,64,11,8,0,0,0,0,0
0,51,1,10,0,59,22,12,1,0,0,0,0
1,37,4,10,1,35,20,4,1,0,0,0,0
1,35,2,10,5,21,23,1,1,0,0,0,1
1,72,2,10,0,24,10,6,0,1,0,0,1
0,78,5,2,0,58,23,6,1,0,0,1,0
1,54,3,3,2,24,9,4,0,1,0,0,1
1,98,5,7,5,50,3,5,1,0,0,0,0
0,87,3,4,1,18,16,6,0,0,0,0,1
0,92,2,1,1,27,20,4,1,0,0,0,1
1,73,1,4,5,23,7,2,0,0,0,0,1
0,46,1,9,2,44,3,1,1,0,0,0,0
1,118,2,5,3,55,3,3,1,0,0,1,1
0,64,4,3,2,31,6,11,0,0,0,0,0
0,101,3,3,0,34,9,8,0,1,0,0,0
0,120,1,9,1,46,23,10,1,0,1,0,0
1,83,3,5,1,24,23,10,1,0,0,1,1
1,31,4,0,1,44,20,10,1,0,0,0,1
1,107,4,9,5,26,14,3,0,0,0,0,0
0,54,1,2,3,55,1,5,1,0,0,0,0
0,76,5,0,0,62,3,10,1,0,0,0,1
0,100,5,10,1,66,12,1,0,0,0,0,0
1,52,3,10,4,26,20,9,1,0,0,0,1
1,81,5,5,1,31,20,9,1,0,1,0,0
0,63,3,2,1,60,4,4,1,0,0,0,0
0,109,1,3,2,23,8,12,0,1,0,0,0
1,114,2,4,0,48,1,10,1,0,0,0,0
1,84,1,8,3,18,7,10,0,0,0,0,0
1,98,3,8,5,59,16,1,0,0,0,1,0
1,44,1,6,5,20,18,2,0,1,1,1,0
0,59,4,9,2,41,18,12,0,1,0,0,0
1,32,3,6,3,26,22,1,1,0,0,0,1
1,31,1,6,1,43,14,11,0,0,0,1,0
1,65,3,8,0,19,0,4,1,0,0,1,1
1,93,2,8,1,32,16,4,0,0,0,0,0
1,98,1,3,1,22,9,11,0,1,0,0,0
1,59,2,8,4,56,6,12,0,0,1,0,0
0,112,4,2,3,46,12,10,0,0,0,0,0
1,92,1,0,0,41,6,7,0,0,0,0,0
1,30,1,10,3,51,0,12,1,0,1,0,1
1,32,1,9,1,69,7,1,0,0,0,1,0
1,96,1,2,5,43,14,12,0,0,0,1,0
1,84,5,1,4,21,11,1,0,0,0,0,0
0,80,1,2,1,34,12,6,0,0,0,1,1
0,37,2,9,4,37,0,3,1,0,1,0,0
0,101,2,0,4,36,11,7,0,0,0,1,1
1,42,3,4,0,30,14,3,0,0,0,0,1
0,49,5,5,2,28,1,4,1,0,0,0,1
0,105,5,4,4,67,7,8,0,0,0,0,1
1,39,1,10,4,66,21,4,1,0,0,0,1
1,77,5,7,4,49,3,2,1,0,0,1,0
0,31,1,3,1,57,0,11,1,0,0,0,1
0,61,1,8,0,29,12,4,0,0,0,1,1
1,50,5,10,2,33,7,1,0,0,0,0,0
0,108,2,5,0,46,8,6,0,1,0,0,0
1,85,4,4,0,26,19,12,0,1,0,1,0
1,39,5,1,1,52,8,3,0,1,1,0,0
0,34,4,6,0,53,14,3,0,0,0,0,1
1,75,1,3,0,52,21,2,1,0,0,0,1
1,40,2,6,0,27,17,5,0,1,0,1,1
1,96,3,0,3,32,14,10,0,0,0,0,0
1,107,1,1,3,64,21,3,1,0,0,0,0
0,72,2,7,0,20,18,2,0,1,0,0,0
1,94,3,8,5,47,1,5,1,0,0,0,0
0,35,3,3,0,50,22,4,1,0,1,0,1
1,61,3,10,2,34,8,12,0,1,0,0,0
1,30,4,1,2,69,7,8,0,0,0,0,1
1,45,5,9,5,66,21,11,1,0,0,0,1
0,115,2,3,2,54,11,3,0,0,0,0,0
1,35,5,10,5,55,19,1,0,1,0,1,0
1,66,4,3,5,18,11,5,0,0,0,1,0
0,34,5,1,3,42,17,12,0,1,0,1,0
1,99,3,8,0,43,19,5,0,1,0,0,1
1,73,4,5,0,19,1,1,1,0,0,0,1
1,59,5,6,3,42,7,3,0,0,0,1,0
1,46,4,4,0,70,21,2,1,0,0,0,1
1,85,5,10,2,39,23,12,1,0,0,0,1
0,98,3,0,1,66,4,10,1,0,0,0,1
1,34,1,5,0,42,7,7,0,0,1,1,1
1,79,1,0,5,23,17,6,0,1,1,0,1
0,70,1,3,3,27,15,8,0,0,0,1,1
1,112,5,1,0,34,21,12,1,0,0,1,0
1,103,5,9,0,56,23,12,1,0,0,0,0
0,41,1,7,2,26,1,6,1,0,0,0,1
0,63,4,2,3,58,22,3,1,0,1,0,1
1,61,3,1,0,48,19,11,0,1,0,0,0
0,93,2,2,0,67,22,10,1,0,0,0,1
0,117,3,1,1,61,14,1,0,0,0,0,0
0,33,2,4,2,49,18,6,0,1,0,0,0
1,97,3,10,3,63,5,8,1,0,0,0,0
0,115,5,1,4,48,21,6,1,0,0,0,1
1,70,5,2,4,53,18,1,0,1,1,0,0
0,65,3,5,2,59,7,2,0,0,0,0,0
0,99,3,10,3,28,16,4,0,0,1,0,0
0,102,5,5,0,48,15,5,0,0,0,0,0
1,44,5,7,5,34,7,7,0,0,0,0,1
0,42,1,1,0,67,15,6,0,0,1,1,0
1,86,2,5,2,56,19,3,0,1,0,1,1
1,34,4,6,1,23,1,2,1,0,1,0,0
1,73,2,3,5,54,12,11,0,0,0,0,1
1,114,3,8,5,41,1,8,1,0,1,1,0
0,75,1,1,1,38,7,1,0,0,0,0,0
1,35,2,10,3,48,9,9,0,1,0,0,0
0,56,2,9,0,53,5,9,1,0,0,0,1
0,70,4,3,3,58,15,7,0,0,0,0,1
0,91,1,4,4,51,12,1,0,0,0,0,1
1,44,5,7,5,21,9,1,0,1,0,0,0
1,106,3,8,1,53,9,3,0,1,0,0,0
1,50,2,0,2,50,23,6,1,0,0,0,0
1,74,4,8,2,47,4,8,1,0,0,1,1
1,109,3,10,3,19,5,1,1,0,1,1,1
0,97,5,9,2,55,14,6,0,0,0,0,0
1,49,2,9,5,51,18,2,0,1,0,0,1
1,55,5,5,1,67,12,7,0,0,0,0,1
1,89,1,7,4,55,2,6,1,0,1,1,0
0,78,2,7,5,48,5,7,1,0,0,0,1
0,32,1,2,0,23,6,11,0,0,0,0,0
1,101,5,5,4,26,11,4,0,0,1,1,1
0,35,5,2,5,29,22,7,1,0,0,0,0
1,58,5,10,4,54,2,4,1,0,0,1,0
1,91,3,2,1,38,20,9,1,0,0,0,0
1,114,4,9,1,49,6,11,0,0,0,0,1
0,74,3,5,1,19,14,12,0,0,0,1,1
0,34,4,2,4,49,8,7,0,1,0,0,0
1,87,4,10,3,54,2,7,1,0,1,0,0
1,51,4,8,2,49,17,10,0,1,0,0,0
0,94,1,0,5,26,9,1,0,1,0,1,0
1,85,1,2,1,19,0,4,1,0,1,0,0
1,53,3,1,4,50,1,12,1,0,1,1,1
0,57,3,7,3,70,7,3,0,0,0,0,0
1,104,4,8,4,55,19,9,0,1,0,0,0
1,93,3,1,1,50,4,7,1,0,0,0,1
1,51,3,7,2,49,6,12,0,0,0,0,1
1,76,2,8,1,23,14,11,0,0,1,0,0
0,90,2,9,2,19,16,12,0,0,1,0,0
1,33,1,8,5,52,0,7,1,0,0,0,0
1,42,2,7,5,39,18,10,0,1,0,0,1
1,33,1,10,3,23,2,11,1,0,0,0,0
1,117,3,3,4,41,6,1,0,0,1,0,1
1,53,1,0,0,68,6,10,0,0,0,0,0
0,84,3,7,0,40,14,3,0,0,0,0,0
1,78,5,8,0,58,10,1,0,1,0,0,1
1,64,3,1,5,59,2,8,1,0,0,1,0
1,55,5,9,4,39,6,5,0,0,0,0,0
1,120,3,5,3,39,10,3,0,1,0,1,0
1,101,5,2,5,58,5,1,1,0,0,0,1
1,80,2,9,1,70,6,12,0,0,1,0,1
1,53,5,2,3,54,23,8,1,0,1,0,1
1,33,4,4,2,57,22,6,1,0,0,0,1
1,108,3,6,2,37,8,1,0,1,0,1,1
1,55,4,0,5,18,11,7,0,0,0,0,1
0,76,5,10,0,70,0,7,1,0,0,0,0
1,70,1,3,3,67,14,9,0,0,0,0,1
1,46,3,10,3,32,5,6,1,0,0,1,0
1,42,4,5,3,43,5,10,1,0,0,1,1
1,52,3,3,1,33,14,10,0,0,0,1,0
1,36,4,4,4,69,9,2,0,1,0,0,1
1,60,4,5,4,67,10,6,0,1,1,0,0
0,41,3,0,2,62,12,7,0,0,0,0,1
1,58,5,3,2,33,18,12,0,1,0,0,0
0,98,5,0,3,25,7,1,0,0,0,0,0
1,93,1,1,3,61,8,7,0,1,0,0,0
0,87,4,7,5,18,0,3,1,0,0,0,0
0,117,4,2,5,52,4,4,1,0,1,0,1
0,113,4,7,1,50,9,8,0,1,0,1,0
0,116,5,7,0,37,23,2,1,0,1,0,0
1,41,1,1,2,25,14,10,0,0,0,1,0
1,42,2,2,5,24,20,9,1,0,0,0,0
0,74,1,6,5,38,22,10,1,0,1,0,0
1,37,3,6,2,50,19,8,0,1,0,0,1
0,112,5,8,5,23,7,6,0,0,0,0,1
1,116,2,1,0,22,2,7,1,0,0,0,0
0,90,2,1,0,55,6,10,0,0,0,0,1
1,76,3,2,0,22,5,12,1,0,0,0,0
1,97,1,9,5,30,18,2,0,1,1,0,0
0,102,2,5,0,62,22,5,1,0,0,1,0
1,108,1,3,1,48,17,5,0,1,0,0,0
1,67,2,3,2,29,8,1,0,1,1,0,1
0,72,2,3,0,59,21,3,1,0,0,0,1
1,94,2,9,3,62,15,9,0,0,0,0,0
1,56,5,1,3,38,2,10,1,0,1,1,1
1,45,5,5,1,53,22,9,1,0,0,0,1
1,57,4,4,0,25,16,8,0,0,0,1,0
0,100,4,6,5,19,8,1,0,1,0,1,0
1,36,3,1,4,21,11,11,0,0,0,0,1
0,106,3,0,5,58,6,11,0,0,0,0,0
1,74,5,2,4,44,10,11,0,1,0,0,0
0,35,5,6,4,31,7,8,0,0,1,1,1
0,63,4,10,1,21,12,5,0,0,0,1,1
1,63,2,4,1,47,12,6,0,0,1,0,0
0,80,5,0,3,63,7,9,0,0,0,0,1
1,35,4,0,3,36,22,11,1,0,0,0,1
1,83,1,10,1,28,13,8,0,0,1,1,1
1,46,3,8,5,55,4,3,1,0,0,0,1
1,104,2,6,4,41,4,4,1,0,1,1,1
1,47,4,0,3,23,19,10,0,1,0,1,0
1,42,4,3,5,36,15,6,0,0,0,0,0
1,73,3,8,5,38,8,12,0,1,0,0,1
0,108,4,9,3,46,4,11,1,0,0,0,0
0,63,3,5,2,43,13,3,0,0,0,1,1
0,39,2,7,0,21,15,4,0,0,0,1,1
1,100,1,2,0,56,8,12,0,1,0,0,1
1,53,1,8,3,63,15,2,0,0,0,0,0
1,90,2,1,1,45,13,7,0,0,0,0,1
0,91,5,9,3,29,10,7,0,1,0,0,0
1,67,2,8,2,64,18,10,0,1,0,0,0
1,46,1,7,3,46,17,12,0,1,0,0,0
1,90,1,10,0,48,12,4,0,0,0,0,0
1,99,4,9,3,49,17,10,0,1,0,1,0
0,32,5,5,2,61,11,11,0,0,1,1,0
1,72,2,0,3,63,13,2,0,0,0,0,0
1,60,2,2,2,25,18,9,0,1,0,0,1
1,61,2,7,2,39,13,6,0,0,1,0,1
0,38,4,6,0,56,9,2,0,1,0,0,0
1,79,1,6,1,67,20,4,1,0,0,0,1
1,63,3,1,3,59,8,10,0,1,1,0,0
0,45,1,4,5,32,19,7,0,1,1,0,1
0,107,4,2,4,51,3,11,1,0,0,0,1
1,77,4,0,1,62,11,9,0,0,1,1,0
0,75,1,1,3,64,15,12,0,0,0,0,1
0,44,4,3,4,25,16,5,0,0,0,0,1
0,103,4,0,3,27,2,8,1,0,0,0,1
1,94,3,1,3,51,1,12,1,0,1,0,0
1,43,4,9,4,30,15,7,0,0,1,0,1
0,105,3,8,4,48,19,7,0,1,0,0,0
1,47,3,9,2,33,5,6,1,0,0,0,0
0,43,2,6,2,32,6,12,0,0,0,0,1
0,43,4,1,1,61,20,1,1,0,0,0,1
0,62,5,1,2,28,14,5,0,0,0,0,1
1,87,3,9,5,22,3,10,1,0,0,0,1
1,59,5,4,0,59,21,12,1,0,0,1,0
1,38,1,1,2,36,3,3,1,0,0,0,1
1,58,1,3,3,22,22,8,1,0,0,0,0
1,70,3,3,0,46,3,2,1,0,0,0,1
1,61,4,6,2,67,20,11,1,0,0,0,1
1,86,2,8,5,48,21,5,1,0,0,1,1
1,109,4,3,5,43,9,5,0,1,0,0,0
0,101,1,1,0,41,17,1,0,1,1,1,0
0,99,1,10,4,54,13,8,0,0,0,0,1
1,92,1,6,1,18,16,12,0,0,1,1,0
1,107,4,2,4,67,5,3,1,0,1,0,1
1,31,2,8,4,52,19,10,0,1,1,0,0
0,108,4,10,2,28,8,3,0,1,1,0,1
0,87,1,5,1,21,13,8,0,0,0,1,1
1,96,5,10,3,44,23,10,1,0,0,0,0
1,79,4,1,5,25,22,3,1,0,0,0,1
1,46,1,7,5,51,12,11,0,0,0,1,0
1,58,2,9,1,46,8,8,0,1,1,1,1
1,56,4,5,5,18,18,11,0,1,0,0,0
1,70,1,2,1,25,21,6,1,0,0,0,1
0,118,5,10,5,26,1,6,1,0,0,1,1
1,43,5,7,1,40,2,12,1,0,0,0,1
0,56,4,1,2,69,15,9,0,0,1,0,0
1,102,1,3,0,58,13,2,0,0,1,1,0
1,118,2,8,3,52,14,4,0,0,1,0,0
1,114,4,6,3,45,9,4,0,1,0,0,1
1,105,3,10,2,57,17,3,0,1,0,0,1
1,116,5,1,3,65,14,10,0,0,0,0,1
1,88,4,2,4,23,7,1,0,0,0,0,1
1,75,5,5,4,32,17,7,0,1,0,0,1
0,77,4,10,4,32,9,9,0,1,0,0,1
1,105,3,0,5,19,20,11,1,0,0,0,0
1,109,2,10,5,62,18,12,0,1,0,0,0
1,87,1,1,2,31,17,8,0,1,0,0,1
0,96,1,5,2,21,12,2,0,0,0,0,1
1,61,5,8,0,22,6,5,0,0,1,1,1
0,98,2,2,3,54,6,3,0,0,0,0,0
0,91,5,2,5,48,22,7,1,0,1,1,1
1,82,3,0,3,21,12,4,0,0,0,1,1
1,112,4,6,0,47,18,11,0,1,0,0,1
0,105,2,7,4,60,5,1,1,0,0,0,1
0,112,5,7,2,43,20,8,1,0,0,0,0
1,37,3,10,0,44,7,7,0,0,0,0,0
1,42,3,4,2,25,7,11,0,0,0,0,1
1,35,4,2,4,41,7,11,0,0,0,0,1
1,54,4,2,5,58,0,9,1,0,0,0,1
0,54,4,3,3,59,19,11,0,1,0,0,0
0,114,5,7,2,19,3,11,1,0,0,0,0
1,86,5,8,5,55,13,11,0,0,0,0,0
1,71,4,8,4,33,14,10,0,0,0,0,0
1,76,4,0,4,46,18,11,0,1,1,0,0
1,84,4,6,2,62,20,8,1,0,0,0,1
0,42,2,7,1,62,4,4,1,0,0,0,1
0,46,5,9,2,52,6,3,0,0,0,0,0
0,65,3,10,3,43,8,2,0,1,0,0,1
1,80,4,5,3,22,23,8,1,0,0,0,1
1,60,5,10,0,27,3,5,1,0,0,0,1
1,64,4,3,3,39,19,8,0,1,1,0,1
0,100,2,7,2,22,23,7,1,0,0,0,0
1,100,3,2,2,63,21,4,1,0,0,0,1
0,61,5,10,2,19,21,6,1,0,0,1,0
0,34,3,1,1,58,13,5,0,0,0,0,0
0,67,4,4,2,58,22,4,1,0,0,1,0
1,35,4,0,2,41,3,10,1,0,1,0,0
0,115,2,9,0,59,0,3,1,0,0,0,0
0,69,4,0,1,27,13,1,0,0,0,0,0
0,75,1,8,1,41,6,4,0,0,0,0,1
1,33,4,6,3,57,20,11,1,0,0,0,1
1,71,4,0,5,21,7,11,0,0,0,0,0
0,34,2,7,3,31,2,1,1,0,0,1,0
0,44,2,8,1,51,10,10,0,1,0,0,1
0,88,1,0,1,21,17,5,0,1,1,1,0
0,114,3,10,0,60,2,7,1,0,0,0,1
1,100,1,0,0,40,4,6,1,0,0,0,0
0,111,4,7,5,69,12,4,0,0,0,0,1
1,50,1,4,2,37,7,6,0,0,0,0,0
0,80,2,3,1,28,15,10,0,0,0,1,0
0,55,2,10,1,20,3,4,1,0,0,1,1
1,108,5,1,4,32,9,11,0,1,1,1,0
1,46,2,5,5,51,12,4,0,0,0,1,0
1,38,4,1,5,54,17,11,0,1,0,1,1
1,98,3,3,1,49,12,8,0,0,0,0,0
1,65,1,0,1,41,23,8,1,0,0,0,0
1,52,5,1,5,59,8,10,0,1,0,0,0
1,55,5,8,3,25,19,7,0,1,0,0,0
1,66,4,0,3,47,2,6,1,0,0,0,0
1,71,1,4,1,39,10,3,0,1,0,1,1
0,56,5,4,4,21,21,4,1,0,0,0,0
1,48,5,9,2,23,4,3,1,0,0,1,0
1,81,3,5,2,57,13,8,0,0,1,0,1
0,75,4,9,2,41,16,8,0,0,0,0,0
0,82,3,2,5,63,22,10,1,0,0,0,0
1,86,4,10,0,51,2,9,1,0,0,0,1
0,34,2,8,0,59,9,1,0,1,0,0,1
1,70,1,3,2,25,12,5,0,0,0,1,1
1,50,5,6,1,35,5,11,1,0,0,0,0
0,36,4,9,4,57,12,8,0,0,1,0,1
1,47,1,10,0,24,7,11,0,0,0,0,0
1,72,4,4,2,32,2,12,1,0,0,1,1
1,89,2,8,1,61,2,7,1,0,1,1,0
1,48,1,4,3,46,17,12,0,1,1,1,0
1,57,1,8,5,40,22,3,1,0,1,0,0
1,58,1,7,1,67,3,1,1,0,0,0,0
1,91,3,0,1,57,22,3,1,0,1,0,1
1,105,4,7,3,67,10,4,0,1,0,1,0
0,59,3,9,4,26,0,6,1,0,0,0,1
1,49,4,4,0,31,10,11,0,1,0,0,1
1,47,3,9,3,45,23,1,1,0,1,0,1
1,100,2,3,2,29,20,1,1,0,1,0,0
1,60,3,10,0,26,17,7,0,1,0,1,1
1,78,4,4,0,38,3,5,1,0,0,0,0
1,84,4,3,5,49,8,3,0,1,0,0,1
1,77,4,1,0,60,15,5,0,0,0,1,1
1,56,5,5,3,41,1,9,1,0,0,0,1
1,75,1,2,1,44,15,1,0,0,0,0,1
0,50,4,5,4,33,22,5,1,0,0,1,1
0,35,1,2,5,31,9,4,0,1,1,1,1
1,75,2,9,3,52,5,12,1,0,0,1,0
1,51,3,6,3,55,23,2,1,0,0,0,0
0,89,1,0,3,34,22,8,1,0,0,1,1
1,34,1,3,1,42,7,4,0,0,0,1,1
0,108,5,7,2,53,23,10,1,0,1,0,1
1,119,4,2,0,59,4,2,1,0,1,0,0
1,111,1,7,5,65,22,11,1,0,0,1,0
0,68,3,2,3,26,5,1,1,0,0,0,0
1,30,3,3,0,23,15,1,0,0,0,0,0
1,53,2,10,0,31,12,10,0,0,1,0,1
1,55,4,3,1,62,0,4,1,0,0,1,0
1,104,4,4,5,35,18,8,0,1,0,1,1
1,88,4,7,4,18,10,4,0,1,0,0,0
1,42,3,6,1,62,20,7,1,0,0,1,1
0,57,3,4,1,47,6,3,0,0,0,0,0
1,43,5,2,4,33,8,2,0,1,0,0,0
0,98,2,10,0,66,17,8,0,1,1,0,1
1,34,1,10,0,45,23,7,1,0,0,0,1
1,78,1,5,0,26,9,5,0,1,0,0,1
1,90,5,10,2,66,18,3,0,1,0,0,1
1,99,5,5,2,50,4,8,1,0,0,0,1
0,115,1,6,5,70,3,12,1,0,0,0,1
1,76,3,1,1,50,5,11,1,0,1,0,1
1,37,3,2,1,18,6,6,0,0,0,0,0
1,94,3,8,5,19,21,2,1,0,0,0,1
0,32,3,7,1,25,0,5,1,0,0,1,0
1,46,1,9,0,53,7,2,0,0,0,1,1
1,90,5,8,2,39,14,10,0,0,1,1,1
1,107,2,1,3,35,13,6,0,0,0,0,1
1,63,1,8,3,45,14,9,0,0,0,1,1
1,97,3,1,1,39,16,2,0,0,0,0,0
1,83,4,3,3,26,8,7,0,1,0,0,1
0,61,3,10,3,66,10,12,0,1,1,0,0
1,104,4,2,2,57,21,5,1,0,0,0,1
1,41,1,0,2,50,21,11,1,0,1,1,0
0,36,3,5,0,67,22,8,1,0,0,1,0
1,35,3,2,5,32,18,8,0,1,0,0,1
1,40,3,8,3,55,7,9,0,0,0,1,0
1,49,1,0,1,28,8,3,0,1,0,0,0
1,49,1,9,5,57,22,5,1,0,0,1,1
1,119,1,10,0,25,9,3,0,1,0,0,1
0,115,3,4,5,37,12,7,0,0,1,0,1
1,113,5,8,1,37,4,4,1,0,0,1,1
1,115,2,0,4,25,23,1,1,0,0,0,1
1,85,2,0,4,22,2,2,1,0,0,0,1
0,84,2,7,1,63,3,2,1,0,0,1,1
1,115,1,10,0,49,9,7,0,1,1,0,1
0,116,5,9,3,30,13,5,0,0,1,1,1
0,99,4,4,5,45,12,4,0,0,0,1,1
0,73,1,9,2,44,17,7,0,1,0,0,1
0,114,5,4,4,20,1,10,1,0,0,1,1
0,111,1,3,0,18,20,11,1,0,0,0,1
0,89,1,6,3,33,6,6,0,0,0,0,1
1,112,3,10,1,62,5,1,1,0,0,0,1
1,85,5,9,5,31,23,11,1,0,0,0,1
1,118,2,4,3,63,6,7,0,0,0,0,0
1,60,5,6,3,55,4,6,1,0,0,0,1
0,36,5,10,5,24,18,12,0,1,0,0,1
0,87,4,7,1,33,11,12,0,0,1,1,1
1,93,2,7,2,43,17,2,0,1,1,0,0
0,82,4,4,5,31,19,7,0,1,0,0,1
1,63,4,10,0,31,16,12,0,0,0,0,1
1,46,2,5,1,18,11,7,0,0,0,0,1
1,82,2,0,0,56,16,5,0,0,0,0,1
1,77,5,3,0,53,20,7,1,0,0,0,0
0,99,1,3,3,31,11,4,0,0,0,0,1
0,112,2,5,1,31,0,12,1,0,0,0,0
0,70,1,4,0,30,7,3,0,0,0,0,0
0,105,3,6,4,22,18,8,0,1,0,1,1
1,78,3,7,3,57,22,7,1,0,0,0,1
1,101,2,10,5,50,1,6,1,0,1,0,1
1,52,5,4,5,67,1,2,1,0,0,0,1
1,96,2,5,5,46,0,4,1,0,0,0,0
1,100,4,9,5,51,14,6,0,0,1,1,1
0,97,3,0,4,21,4,6,1,0,0,0,1
1,64,3,7,1,50,5,5,1,0,0,0,0
0,88,4,9,5,50,1,5,1,0,1,0,1
1,97,4,0,2,44,18,8,0,1,0,0,0
0,60,4,8,4,67,12,2,0,0,0,1,0
0,56,5,9,3,18,23,5,1,0,0,1,0
1,77,5,4,5,25,21,10,1,0,0,0,0
1,99,1,8,3,27,9,9,0,1,1,0,1
1,110,2,1,5,54,22,3,1,0,0,0,0
1,41,2,3,5,35,19,10,0,1,0,0,0
1,80,1,3,5,63,8,2,0,1,0,0,1
1,103,4,10,4,20,5,4,1,0,0,0,1
1,46,2,9,5,26,18,10,0,1,0,0,0
1,85,3,2,3,68,3,5,1,0,0,0,0
1,71,1,8,4,54,1,11,1,0,0,0,0
1,116,5,5,1,37,7,4,0,0,0,0,1
0,48,4,3,1,29,8,8,0,1,0,0,1
1,107,1,0,4,60,16,9,0,0,0,0,1
0,114,5,1,0,22,4,6,1,0,0,1,0
0,43,5,4,5,55,0,6,1,0,0,0,0
0,96,5,8,3,39,23,5,1,0,0,0,1
1,85,5,1,2,31,17,4,0,1,0,0,0
1,102,5,6,5,44,14,11,0,0,0,0,0
1,62,1,3,1,29,10,8,0,1,1,0,0
1,59,1,10,4,38,8,10,0,1,0,0,0
1,106,4,9,1,29,0,5,1,0,0,0,1
1,82,4,0,3,35,5,8,1,0,0,0,1
1,75,3,7,4,68,15,2,0,0,0,0,0
0,79,3,5,0,43,11,5,0,0,0,0,1
1,103,5,6,1,29,12,12,0,0,0,0,1
1,68,4,10,2,61,14,3,0,0,0,1,0
0,100,5,10,5,69,13,2,0,0,0,0,0
1,89,4,2,1,41,10,2,0,1,0,0,0
1,104,5,6,4,45,20,9,1,0,0,0,1
1,36,3,5,3,51,10,12,0,1,0,0,0
0,99,2,1,0,30,15,1,0,0,0,0,0
1,37,3,8,1,60,18,5,0,1,0,1,1
1,87,5,8,4,30,21,8,1,0,0,1,1
1,120,5,6,1,37,12,6,0,0,0,0,1
1,46,1,4,3,69,9,9,0,1,0,0,0
1,104,1,10,4,50,5,4,1,0,0,0,0
0,94,3,1,2,64,2,12,1,0,0,0,0
1,111,2,2,5,44,21,3,1,0,0,0,1
0,103,3,9,3,60,0,8,1,0,1,0,0
1,32,4,3,3,67,8,6,0,1,0,1,1
1,97,3,6,3,38,20,1,1,0,0,1,1
0,72,3,6,2,32,5,9,1,0,1,0,1
1,61,5,9,0,56,23,12,1,0,0,1,1
0,102,4,2,2,50,8,12,0,1,0,0,1
1,42,1,10,3,68,15,10,0,0,0,0,0
1,104,4,1,3,29,4,6,1,0,0,0,0
1,115,1,5,0,66,11,12,0,0,1,0,1
0,74,5,7,0,65,17,2,0,1,0,0,0
1,68,4,0,4,38,18,6,0,1,0,1,1
1,117,2,4,2,59,2,2,1,0,0,0,1
1,67,4,0,2,27,19,11,0,1,0,0,1
1,51,3,4,0,30,1,8,1,0,0,0,0
1,98,3,5,2,44,1,12,1,0,0,0,0
1,30,2,3,1,66,11,4,0,0,0,0,1
0,47,1,6,1,65,1,3,1,0,0,0,0
1,77,2,9,3,54,11,9,0,0,0,0,1
0,119,1,5,4,58,21,6,1,0,0,0,1
1,76,3,9,3,31,0,10,1,0,0,1,0
1,60,1,3,5,63,19,9,0,1,0,0,1
1,114,1,0,4,70,19,9,0,1,0,1,1
1,82,2,1,5,22,14,5,0,0,0,1,1
0,41,1,2,3,33,1,2,1,0,1,0,0
1,60,5,9,4,70,7,9,0,0,0,1,1
1,75,2,8,2,45,15,4,0,0,0,0,1
1,118,1,7,5,19,14,1,0,0,0,0,0
0,102,1,6,4,30,5,12,1,0,0,0,0
1,92,5,5,0,32,9,3,0,1,0,0,1
0,72,3,1,4,60,9,6,0,1,0,0,1
0,32,4,0,3,39,6,2,0,0,0,0,0
1,58,1,8,4,20,1,7,1,0,1,0,1
0,119,4,0,2,18,1,2,1,0,0,0,0
1,38,5,9,3,63,19,7,0,1,0,0,1
1,60,1,6,4,47,22,7,1,0,0,0,0
1,80,3,6,1,54,15,2,0,0,0,0,0
1,55,1,3,5,48,9,1,0,1,0,0,0
0,113,4,7,3,47,0,1,1,0,0,1,1
0,107,3,6,1,20,3,8,1,0,0,0,0
1,78,5,7,4,38,9,11,0,1,1,0,1
1,69,3,4,3,51,3,3,1,0,1,0,1
0,36,3,8,1,18,14,4,0,0,0,1,0
1,119,3,0,0,29,11,7,0,0,0,0,0
0,79,5,7,0,28,20,11,1,0,1,0,0
1,94,2,10,0,47,23,3,1,0,0,1,0
1,42,5,9,3,19,3,9,1,0,0,0,1
0,83,5,7,2,50,16,8,0,0,0,1,0
1,76,5,9,0,19,13,7,0,0,0,1,1
0,55,5,10,4,21,6,1,0,0,0,0,0
1,106,1,7,1,42,12,12,0,0,0,1,1
1,78,1,5,2,30,0,6,1,0,0,1,0
1,82,1,1,0,37,19,9,0,1,0,0,0
1,40,3,8,4,55,10,4,0,1,0,0,0
1,65,3,10,2,67,2,5,1,0,0,0,0
0,35,4,0,1,43,10,10,0,1,0,1,0
1,33,1,4,2,19,18,1,0,1,1,0,1
1,106,1,5,5,28,4,8,1,0,1,1,0
1,75,1,9,2,54,3,4,1,0,0,1,1
0,97,4,4,5,48,3,3,1,0,0,0,1
0,49,2,10,2,67,8,6,0,1,0,0,0
1,51,1,3,2,28,8,5,0,1,0,0,1
0,116,4,5,1,27,3,11,1,0,0,0,0
1,75,4,0,0,37,6,8,0,0,0,0,0
1,92,4,0,2,59,9,5,0,1,1,0,0
1,102,1,1,3,64,8,6,0,1,0,0,0
0,79,4,1,1,57,14,12,0,0,0,1,0
1,105,4,2,1,60,19,12,0,1,0,0,0
1,118,1,6,1,32,23,1,1,0,0,0,1
1,53,4,0,3,22,11,10,0,0,0,0,1
0,72,4,5,1,65,8,6,0,1,1,0,1
1,66,2,4,2,69,15,2,0,0,1,0,0
1,100,3,10,1,70,21,12,1,0,1,0,1
0,120,1,6,0,64,18,2,0,1,0,0,1
1,111,1,10,3,47,15,5,0,0,0,1,1
0,105,3,5,0,49,12,10,0,0,0,1,0
1,81,2,3,3,18,19,3,0,1,0,0,0
0,33,4,1,5,26,5,10,1,0,1,0,1
0,67,3,8,4,35,17,9,0,1,1,0,0
1,84,4,10,5,56,11,3,0,0,1,0,0
1,41,2,10,3,34,12,9,0,0,1,0,1
1,37,2,1,3,20,7,9,0,0,1,0,1
1,108,2,5,1,68,10,2,0,1,1,0,1
1,48,2,0,3,27,3,1,1,0,0,1,1
0,73,5,9,4,19,23,8,1,0,0,0,0
1,60,2,10,5,70,11,10,0,0,0,0,0
1,96,1,3,3,35,22,11,1,0,0,1,1
1,86,5,4,5,27,11,7,0,0,0,0,0
1,40,3,10,3,27,16,7,0,0,0,1,1
0,73,3,3,2,44,2,7,1,0,1,0,0
0,88,1,2,5,41,10,12,0,1,0,0,1
1,106,3,6,0,29,2,6,1,0,1,0,0
1,74,1,5,1,40,2,3,1,0,0,0,1
1,83,4,2,5,59,7,3,0,0,0,0,0
1,54,2,8,4,47,18,8,0,1,0,0,1
1,33,5,10,0,27,17,7,0,1,0,0,0
1,113,4,6,2,37,4,6,1,0,0,0,1
1,101,4,0,4,28,23,1,1,0,0,1,1
1,89,1,10,1,51,2,3,1,0,0,0,0
0,112,3,10,5,20,17,12,0,1,0,0,0
1,49,2,0,2,62,12,10,0,0,0,1,0
0,30,5,4,5,34,11,5,0,0,1,0,0
1,48,5,9,5,51,17,1,0,1,0,0,1
1,33,5,1,5,66,4,11,1,0,1,1,1
1,32,2,8,5,62,13,3,0,0,0,1,1
1,112,4,6,4,62,1,2,1,0,1,0,1
0,65,5,3,4,21,21,2,1,0,0,0,1
0,49,2,10,3,64,1,6,1,0,0,0,0
0,32,3,0,4,25,11,7,0,0,0,0,1
1,57,1,5,1,53,10,10,0,1,0,0,0
1,47,1,10,4,34,2,1,1,0,0,0,0
0,94,1,9,2,55,16,11,0,0,0,0,1
1,115,1,5,0,20,18,9,0,1,1,0,1
1,64,5,0,5,53,2,9,1,0,1,0,1
0,105,1,9,0,61,11,2,0,0,0,0,0
1,105,3,1,1,23,21,8,1,0,1,0,0
1,39,3,4,4,39,21,2,1,0,0,0,0
0,87,1,0,3,69,3,4,1,0,0,0,0
1,95,2,0,1,66,7,7,0,0,0,0,0
1,41,3,4,3,45,16,12,0,0,0,0,0
0,89,2,10,4,25,13,10,0,0,1,0,1
0,77,4,1,4,70,14,5,0,0,0,0,1
1,85,4,7,0,24,22,11,1,0,0,1,0
1,111,2,10,5,60,12,7,0,0,0,0,0
1,86,5,3,5,35,7,5,0,0,0,0,0
1,82,4,4,0,64,0,11,1,0,0,0,0
1,43,2,6,0,37,10,12,0,1,0,0,1
1,108,3,3,0,24,11,2,0,0,1,1,1
1,70,1,2,0,19,6,4,0,0,1,0,0
1,64,1,1,3,25,1,11,1,0,1,0,0
1,86,4,2,1,20,17,7,0,1,0,0,1
1,57,4,10,2,34,23,1,1,0,0,0,0
1,49,3,10,5,63,4,3,1,0,0,0,1
0,78,1,5,3,46,1,10,1,0,0,0,0
1,71,1,6,5,36,2,3,1,0,0,0,0
0,75,1,5,5,70,1,10,1,0,0,0,1
1,80,3,3,4,60,16,5,0,0,0,1,1
1,65,2,6,1,66,11,10,0,0,0,0,1
0,38,1,8,2,68,3,3,1,0,0,1,0
1,80,4,3,3,47,4,10,1,0,0,0,1
0,60,2,10,2,23,15,9,0,0,0,0,1
1,103,2,6,1,63,7,7,0,0,0,0,1
1,54,2,7,0,57,20,2,1,0,0,0,0
1,48,5,10,1,25,3,9,1,0,0,0,1
1,93,2,4,0,32,21,11,1,0,0,0,1
1,62,1,8,3,20,1,3,1,0,0,0,1
1,63,2,4,4,63,2,1,1,0,0,0,0
0,96,3,8,1,25,9,7,0,1,0,1,1
1,59,5,9,1,40,21,11,1,0,0,1,1
1,40,3,2,1,46,1,10,1,0,0,0,1
1,30,5,8,5,59,18,2,0,1,0,0,0
1,51,3,8,3,44,21,9,1,0,0,0,0
1,60,1,10,2,56,22,5,1,0,0,1,1
1,94,2,4,5,48,7,1,0,0,1,0,1
1,59,2,5,4,42,23,9,1,0,0,0,0
0,99,1,7,5,53,17,9,0,1,0,0,1
1,57,1,10,4,56,23,9,1,0,0,0,1
1,117,5,6,4,20,8,10,0,1,0,0,0
0,35,5,1,3,30,8,1,0,1,0,0,1
1,39,2,9,2,43,7,9,0,0,0,0,1
0,35,2,9,5,61,19,10,0,1,0,0,0
0,74,5,2,4,26,1,12,1,0,0,0,0
0,99,1,6,1,61,11,1,0,0,0,0,0
1,35,4,3,4,44,23,2,1,0,0,1,1
1,47,3,8,1,40,23,9,1,0,0,0,1
1,119,3,6,1,63,16,7,0,0,0,0,0
1,106,5,9,2,46,14,2,0,0,1,0,0
1,111,5,7,5,63,16,7,0,0,0,0,0
1,80,3,7,2,26,11,8,0,0,1,0,0
0,77,4,1,0,19,18,11,0,1,1,0,1
0,50,2,7,3,43,21,11,1,0,0,0,1
1,79,1,10,3,45,13,4,0,0,1,1,0
1,106,4,9,5,31,13,10,0,0,0,0,1
1,80,5,1,4,40,6,12,0,0,0,0,0
1,48,3,10,3,63,23,3,1,0,0,0,1
0,107,4,6,3,53,6,1,0,0,1,1,0
1,49,5,0,2,36,3,9,1,0,1,1,0
0,114,5,5,2,25,22,1,1,0,0,0,1
0,37,1,7,3,24,3,6,1,0,0,1,0
1,60,3,4,0,31,5,4,1,0,0,0,0
1,64,5,9,0,66,2,8,1,0,0,1,0
1,60,4,10,3,34,6,1,0,0,0,0,1
1,40,5,0,0,55,3,2,1,0,0,0,1
1,83,1,4,0,70,4,7,1,0,0,0,0
1,75,5,5,0,38,3,6,1,0,0,0,1
1,106,4,9,2,50,21,8,1,0,0,0,0
1,34,3,10,0,67,12,11,0,0,0,0,0
1,56,1,6,2,37,5,6,1,0,0,1,0
1,94,1,1,3,53,18,9,0,1,1,0,1
1,49,1,5,5,27,19,3,0,1,0,0,0
1,49,3,3,4,32,4,6,1,0,0,0,0
0,87,2,2,2,23,9,12,0,1,0,0,0
1,106,4,5,1,58,18,1,0,1,0,1,0
1,83,3,2,3,44,1,4,1,0,0,1,0
1,56,1,8,0,54,23,4,1,0,0,0,0
1,80,2,6,3,18,13,11,0,0,0,0,1
1,102,2,4,1,23,6,9,0,0,0,0,0
1,79,3,0,3,54,21,9,1,0,0,0,0
1,119,4,10,2,58,8,3,0,1,1,0,1
1,77,3,9,1,41,14,7,0,0,0,1,1
0,120,2,4,4,30,23,12,1,0,1,0,1
1,57,1,2,4,63,4,2,1,0,0,0,0
0,67,5,3,4,34,16,12,0,0,0,0,1
1,116,4,5,4,66,0,6,1,0,0,0,0
1,100,1,0,5,60,2,3,1,0,0,0,1
0,82,4,6,3,19,21,11,1,0,0,1,1
0,53,1,3,5,36,17,9,0,1,0,0,0
1,115,2,10,4,51,7,3,0,0,0,0,0
1,119,4,7,4,56,1,4,1,0,0,0,1
1,100,5,10,1,40,2,11,1,0,0,0,1
0,87,2,1,1,70,9,1,0,1,0,0,0
0,70,1,10,3,28,4,9,1,0,0,1,0
1,45,2,5,5,44,15,7,0,0,0,1,0
1,107,3,2,3,24,12,8,0,0,0,0,1
1,105,3,8,1,35,4,9,1,0,0,0,1
1,82,2,3,0,67,20,12,1,0,1,1,0
1,57,1,6,3,37,15,8,0,0,0,0,0
1,39,2,6,4,43,16,2,0,0,0,1,0
1,37,1,4,0,39,10,2,0,1,1,1,1
0,63,2,7,0,57,11,3,0,0,0,1,0
1,84,2,10,3,40,9,8,0,1,0,1,1
1,119,4,2,0,62,19,6,0,1,0,1,0
1,96,3,1,2,59,19,2,0,1,0,0,0
0,99,5,8,0,63,2,3,1,0,0,1,1
0,108,2,2,5,56,2,7,1,0,0,1,1
1,61,3,3,0,63,6,4,0,0,0,0,1
1,54,1,5,1,32,15,3,0,0,0,0,0
0,70,5,5,0,57,15,10,0,0,0,0,0
0,87,4,4,3,50,8,6,0,1,0,0,0
0,58,5,10,3,51,1,12,1,0,0,0,1
0,70,5,5,4,28,21,2,1,0,1,0,0
0,50,3,7,5,32,17,9,0,1,0,0,0
1,51,5,8,1,55,8,12,0,1,0,1,0
0,40,2,2,3,49,4,1,1,0,0,0,1
1,32,2,9,2,48,1,8,1,0,0,0,0
0,107,2,4,1,51,0,1,1,0,0,0,1
0,33,4,5,2,30,23,12,1,0,0,0,0
1,58,3,0,1,55,3,10,1,0,0,0,1
1,56,4,6,0,38,8,3,0,1,0,1,1
0,116,1,8,3,37,4,11,1,0,0,0,0
1,64,1,0,4,37,23,8,1,0,0,0,0
0,51,5,1,1,48,23,7,1,0,1,0,1
1,48,4,6,4,44,2,3,1,0,1,0,0
1,71,1,5,1,59,11,7,0,0,0,1,0
1,43,5,10,2,19,11,12,0,0,0,0,0
1,79,2,9,2,35,23,4,1,0,1,0,0
1,37,4,6,0,23,22,7,1,0,0,0,0
1,115,4,1,2,64,0,11,1,0,0,1,1
0,69,4,2,1,70,15,12,0,0,0,1,0
0,104,1,2,1,50,12,1,0,0,0,0,0
1,104,4,7,1,35,8,2,0,1,1,0,1
1,33,5,2,0,48,21,12,1,0,0,0,1
1,107,3,7,3,27,19,11,0,1,0,0,1
0,88,2,6,2,23,2,4,1,0,0,0,1
0,65,1,9,3,47,6,10,0,0,0,0,1
0,30,2,6,2,33,1,4,1,0,1,0,0
0,105,5,3,5,56,20,6,1,0,0,0,0
1,85,1,5,0,49,4,4,1,0,0,0,1
1,59,1,5,4,39,15,2,0,0,0,1,0
1,50,3,0,5,38,7,5,0,0,0,0,1
0,65,4,8,5,26,3,12,1,0,0,0,1
1,54,2,4,5,23,20,12,1,0,1,1,0
1,111,4,9,1,52,13,3,0,0,0,0,1
1,118,1,2,0,45,21,7,1,0,0,0,0
0,38,3,10,1,42,5,4,1,0,1,1,0
1,39,2,6,5,45,10,4,0,1,1,0,0
1,35,5,10,0,21,6,10,0,0,0,0,0
0,54,2,7,0,56,12,4,0,0,1,0,1
1,44,2,7,3,20,2,4,1,0,0,1,0
1,110,2,6,5,35,22,10,1,0,0,1,0
1,65,1,5,2,30,19,5,0,1,0,0,1
1,95,5,4,4,40,19,2,0,1,0,0,1
1,86,3,5,0,42,12,4,0,0,0,0,0
1,82,1,0,5,69,18,10,0,1,0,0,0
1,71,2,6,4,52,12,2,0,0,0,1,1
1,48,4,7,2,22,21,2,1,0,0,0,0
0,42,5,3,1,42,10,12,0,1,0,0,1
1,102,3,3,1,40,15,6,0,0,1,0,0
0,73,2,2,1,42,19,2,0,1,0,0,1
0,98,1,4,4,35,17,11,0,1,0,0,1
1,76,4,5,2,20,19,3,0,1,0,1,0
1,83,3,2,0,32,15,6,0,0,0,0,0
0,76,5,1,5,47,19,10,0,1,1,1,1
0,103,1,2,0,30,1,7,1,0,1,0,0
1,87,5,4,2,23,8,4,0,1,0,1,1
0,36,5,5,1,30,7,11,0,0,1,1,0
1,47,2,4,3,66,1,10,1,0,1,0,0
0,113,5,5,4,57,20,2,1,0,0,0,1
0,64,3,0,0,37,20,3,1,0,0,0,0
1,113,2,3,3,69,10,9,0,1,0,0,0
1,37,1,0,2,28,19,1,0,1,1,1,1
1,80,4,3,1,68,8,2,0,1,0,0,1
1,30,2,8,5,23,6,6,0,0,1,0,1
1,94,2,10,1,63,23,8,1,0,0,0,1
1,101,3,10,3,67,9,7,0,1,0,1,0
0,71,3,2,4,39,23,9,1,0,0,0,0
0,92,4,0,1,64,21,11,1,0,0,0,1
0,97,5,1,2,55,3,12,1,0,0,0,0
1,48,4,2,5,18,22,7,1,0,0,0,1
1,112,3,5,2,27,0,10,1,0,0,0,0
1,34,5,10,0,59,13,7,0,0,0,0,0
1,90,5,5,0,52,23,5,1,0,0,0,1
1,115,2,8,3,28,19,5,0,1,0,0,1
1,101,2,5,4,31,16,3,0,0,0,0,1
1,85,5,2,2,52,10,5,0,1,0,1,0
1,49,3,8,2,64,19,9,0,1,0,1,1
1,94,3,3,3,54,6,9,0,0,1,0,1
0,48,3,7,3,45,5,9,1,0,0,1,0
1,111,2,7,1,44,18,5,0,1,0,0,1
1,113,2,10,4,23,7,10,0,0,0,0,0
1,93,4,5,4,30,2,7,1,0,0,0,0
1,78,1,6,5,54,18,8,0,1,0,0,1
1,87,3,5,1,23,10,2,0,1,0,0,1
1,70,5,7,0,52,18,8,0,1,0,0,1
1,90,5,9,3,69,12,9,0,0,0,0,1
1,111,3,5,1,37,3,11,1,0,0,0,0
1,58,5,7,3,62,10,12,0,1,0,0,0
0,109,4,1,3,66,18,9,0,1,1,0,1
0,70,4,9,4,66,17,1,0,1,0,1,0
1,111,4,7,0,62,23,7,1,0,0,0,0
1,89,3,0,5,51,23,6,1,0,0,0,1
1,61,3,4,2,21,12,11,0,0,0,1,0
0,114,3,8,3,29,20,9,1,0,1,0,1
0,42,3,7,1,24,8,7,0,1,0,0,0
0,43,1,10,4,45,20,9,1,0,0,1,0
1,107,2,1,3,53,21,9,1,0,0,1,1
1,66,2,0,5,68,10,12,0,1,0,0,0
1,69,1,2,1,28,14,10,0,0,0,0,0
1,46,2,5,4,44,10,3,0,1,0,0,1
1,104,4,2,0,59,0,7,1,0,0,1,1
1,107,2,9,2,58,18,11,0,1,0,1,1
1,109,4,2,5,66,0,4,1,0,0,0,1
0,48,4,9,0,55,5,11,1,0,0,0,1
0,68,4,5,0,52,12,2,0,0,0,0,1
1,87,1,7,0,30,12,11,0,0,0,0,1
1,117,4,6,3,58,3,10,1,0,1,0,1
1,109,3,8,4,37,13,5,0,0,0,1,0
0,59,5,9,3,23,7,7,0,0,0,0,1
1,90,1,8,2,55,3,4,1,0,1,0,0
1,70,1,9,0,56,21,6,1,0,1,1,0
1,120,2,9,3,21,7,2,0,0,0,0,0
1,59,1,7,5,61,15,12,0,0,0,0,1
0,63,3,8,1,65,12,6,0,0,0,1,0
0,34,4,7,2,36,19,1,0,1,0,1,0
0,119,1,4,0,44,14,6,0,0,0,1,1
1,104,5,8,1,56,7,7,0,0,0,0,0
0,46,1,0,5,21,9,2,0,1,0,0,0
0,38,1,9,1,67,15,12,0,0,0,1,1
0,90,3,10,2,56,21,1,1,0,0,0,1
0,62,3,9,5,23,4,1,1,0,0,0,1
1,100,2,1,5,22,23,11,1,0,0,1,1
1,117,2,5,1,34,20,3,1,0,0,1,1
1,112,3,8,0,21,4,8,1,0,0,0,1
1,72,5,10,5,19,17,9,0,1,0,0,0
1,110,5,4,3,61,9,3,0,1,0,0,1
1,96,3,10,3,41,22,3,1,0,1,0,1
1,109,4,9,5,48,3,12,1,0,0,0,1
1,77,4,3,3,69,6,6,0,0,0,0,0
1,64,1,5,3,22,6,8,0,0,0,0,0
1,106,4,5,2,23,8,6,0,1,0,0,1
1,50,2,1,5,65,1,11,1,0,0,1,1
1,55,2,1,5,37,14,8,0,0,1,0,0
1,30,3,10,2,35,10,8,0,1,0,0,1
1,101,5,2,3,55,6,7,0,0,0,0,1
0,43,5,1,2,43,6,12,0,0,0,0,0
1,34,5,4,3,53,5,9,1,0,0,0,0
1,53,2,4,0,28,5,8,1,0,0,1,0
0,69,2,9,3,29,20,11,1,0,1,1,0
1,105,4,3,1,46,15,7,0,0,0,0,0
0,98,4,2,3,58,15,1,0,0,0,0,0
0,64,5,8,2,41,4,11,1,0,0,0,1
1,116,3,9,2,60,1,8,1,0,0,1,0
0,77,1,3,0,70,3,10,1,0,0,1,1
0,45,4,7,0,38,23,10,1,0,0,1,0
1,72,3,2,5,60,11,1,0,0,0,1,0
0,30,3,6,5,23,23,9,1,0,0,0,0
1,75,1,6,0,57,9,12,0,1,0,1,1
0,111,4,0,2,40,17,2,0,1,0,1,1
1,103,5,1,2,21,6,7,0,0,0,1,0
0,100,4,7,1,23,7,12,0,0,0,1,0
1,36,1,8,4,18,2,5,1,0,0,0,1
0,44,1,2,3,59,1,8,1,0,0,1,0
0,42,3,6,5,39,19,4,0,1,0,1,0
1,54,2,9,5,56,4,9,1,0,0,0,0
0,103,2,3,5,70,3,11,1,0,0,1,0
1,92,1,0,3,53,12,12,0,0,0,0,1
1,41,4,3,1,46,11,3,0,0,0,0,1
0,62,3,1,5,33,22,7,1,0,1,0,0
0,32,4,4,3,24,18,5,0,1,0,0,0
0,36,3,2,1,49,1,5,1,0,0,1,0
1,113,1,2,5,69,4,11,1,0,0,0,1
1,77,2,6,4,41,11,7,0,0,0,1,0
0,100,4,3,0,44,6,12,0,0,0,0,1
0,89,3,9,2,25,8,3,0,1,0,0,0
1,99,1,9,2,51,2,3,1,0,0,0,0
1,35,5,4,0,29,14,4,0,0,0,0,0
0,65,5,5,5,24,22,1,1,0,0,0,0
1,87,5,0,4,20,13,3,0,0,1,1,1
0,82,3,8,5,58,14,8,0,0,0,1,0
0,40,5,0,5,37,6,3,0,0,1,1,1
1,54,5,7,2,22,11,1,0,0,0,0,0
1,104,4,1,5,20,14,12,0,0,0,0,1
1,31,1,10,1,30,5,3,1,0,0,1,0
1,50,4,6,5,47,22,8,1,0,0,0,1
1,119,2,0,1,32,22,10,1,0,0,0,0
1,69,1,9,4,58,22,4,1,0,1,0,1
1,119,3,4,3,43,3,3,1,0,0,0,1
1,95,2,10,4,28,16,6,0,0,1,0,0
1,74,2,7,0,67,16,4,0,0,0,0,0
1,63,5,9,1,40,7,10,0,0,0,0,1
1,44,1,6,3,27,8,3,0,1,0,0,1
0,84,1,8,4,68,20,2,1,0,0,0,0
0,43,5,5,4,45,17,10,0,1,0,0,1
0,66,4,1,0,69,3,3,1,0,0,0,0
0,75,2,9,5,48,20,7,1,0,0,0,0
1,44,4,2,2,65,4,9,1,0,0,0,0
0,30,4,2,1,56,20,11,1,0,1,1,1
1,118,2,6,4,18,2,6,1,0,0,0,1
1,35,5,10,5,21,14,12,0,0,0,0,0
1,82,4,0,0,52,1,12,1,0,0,0,1
1,68,5,8,1,30,4,11,1,0,0,1,0
0,61,4,9,3,24,4,3,1,0,0,0,0
0,35,2,3,5,48,5,8,1,0,0,0,1
1,86,2,4,3,47,10,1,0,1,0,0,0
0,108,1,6,4,37,0,7,1,0,0,0,1
1,39,4,3,1,54,7,2,0,0,0,1,0
1,75,3,7,4,46,19,8,0,1,1,0,1
1,62,3,10,0,24,16,3,0,0,0,1,1
1,35,2,10,1,46,21,7,1,0,1,1,0
0,62,1,8,5,60,13,5,0,0,1,0,1
0,87,2,9,2,40,13,12,0,0,0,1,0
1,79,2,8,0,54,17,6,0,1,0,1,1
0,75,5,0,0,67,2,1,1,0,0,0,0
0,59,5,10,0,20,21,1,1,0,0,0,1
1,102,4,1,0,40,19,7,0,1,1,0,0
1,33,4,10,1,37,12,7,0,0,0,1,1
0,51,1,1,1,32,0,10,1,0,1,0,0
1,92,4,2,4,49,6,8,0,0,0,0,1
0,44,5,6,0,70,14,11,0,0,0,0,0
0,64,5,1,5,56,8,9,0,1,0,0,0
1,117,3,2,5,58,13,10,0,0,1,1,0
1,69,5,3,1,65,10,6,0,1,1,1,1
0,117,2,3,0,47,15,7,0,0,0,1,0
1,55,1,0,1,23,0,7,1,0,1,0,1
1,105,3,1,3,50,16,11,0,0,0,1,0
0,60,4,10,0,25,11,1,0,0,0,1,0
0,36,3,9,0,54,6,1,0,0,0,0,1
1,42,3,3,2,27,11,11,0,0,0,0,1
0,47,1,4,3,69,19,12,0,1,1,0,1
0,48,2,0,0,18,0,6,1,0,0,1,1
0,76,3,2,4,65,0,5,1,0,0,0,1
1,104,4,9,5,63,23,12,1,0,0,0,0
1,96,2,0,0,63,9,4,0,1,1,0,0
1,37,1,1,3,21,7,3,0,0,0,0,0
1,84,2,9,3,67,10,9,0,1,0,0,0
0,33,5,10,4,56,12,5,0,0,0,0,0
1,69,1,10,0,63,16,9,0,0,1,1,0
1,38,3,3,4,37,7,8,0,0,0,0,1
0,90,3,2,1,66,8,12,0,1,0,0,1
0,105,3,2,3,55,4,11,1,0,0,0,1
0,100,4,5,0,66,19,8,0,1,0,1,0
1,89,4,5,4,33,9,3,0,1,0,0,0
0,72,5,6,3,70,6,3,0,0,1,0,1
0,114,4,2,0,45,6,6,0,0,0,1,0
0,98,4,1,5,62,17,7,0,1,0,0,1
1,32,5,9,4,27,2,10,1,0,0,1,1
1,50,2,2,2,28,8,9,0,1,1,0,1
0,45,2,9,4,69,6,6,0,0,0,0,0
1,99,5,8,0,46,22,7,1,0,0,0,0
0,70,3,6,3,69,19,10,0,1,0,0,1
1,35,2,4,5,52,14,9,0,0,1,0,0
1,83,1,9,1,33,18,7,0,1,0,1,0
0,89,3,9,1,61,13,5,0,0,0,1,0
1,30,4,6,3,61,2,10,1,0,0,1,1
1,89,2,4,1,50,23,10,1,0,0,0,1
1,113,4,3,4,31,13,6,0,0,1,0,0
1,66,3,4,2,32,13,4,0,0,0,1,0
0,105,4,3,4,27,22,9,1,0,0,0,1
1,77,2,6,5,53,0,7,1,0,0,1,1
0,92,2,8,4,45,13,5,0,0,1,0,1
0,94,2,8,2,38,22,10,1,0,0,0,1
0,112,5,2,0,41,23,2,1,0,0,0,0
1,70,3,5,2,19,8,8,0,1,0,1,1
1,81,5,3,0,51,13,3,0,0,0,0,0
0,70,5,1,1,60,6,5,0,0,0,0,1
0,62,4,4,0,48,15,11,0,0,0,0,0
1,35,1,10,0,70,7,6,0,0,1,0,1
0,106,1,1,1,19,16,12,0,0,1,0,0
1,100,4,4,2,26,1,5,1,0,1,0,0
1,64,5,6,4,36,9,3,0,1,0,0,1
0,32,3,4,1,46,11,10,0,0,0,0,0
0,47,4,8,3,48,2,7,1,0,1,0,1
0,117,2,7,1,70,9,6,0,1,0,0,0
1,79,3,8,0,52,23,4,1,0,1,1,0
0,51,1,8,2,69,0,5,1,0,0,0,1
1,51,2,4,0,39,21,6,1,0,0,0,0
1,36,2,1,5,54,2,10,1,0,1,0,1
0,65,2,0,5,35,18,12,0,1,0,0,1
1,107,1,4,0,20,3,6,1,0,0,0,1
1,93,4,0,4,33,14,2,0,0,0,0,1
1,94,5,2,5,70,1,6,1,0,0,0,1
1,115,5,10,5,38,23,7,1,0,0,0,1
0,50,2,3,5,59,4,3,1,0,0,1,1
1,69,4,1,2,46,5,1,1,0,0,0,0
1,112,1,4,3,37,15,9,0,0,0,1,0
0,91,5,9,0,18,4,7,1,0,0,1,1
1,87,5,1,5,57,22,7,1,0,0,0,1
0,70,1,6,3,65,2,11,1,0,0,0,1
1,104,4,2,1,61,1,11,1,0,1,1,1
0,69,3,2,2,22,8,1,0,1,1,1,1
1,68,2,1,0,45,1,8,1,0,1,1,1
1,107,4,4,2,34,15,8,0,0,0,0,0
0,64,1,7,4,23,2,3,1,0,1,1,0
1,81,3,6,4,18,10,4,0,1,1,1,1
0,57,4,9,4,43,12,5,0,0,0,0,0
1,91,1,4,0,39,16,5,0,0,0,0,1
0,72,4,4,2,45,20,9,1,0,1,1,0
1,78,1,2,0,58,12,3,0,0,0,1,0
0,92,2,3,3,70,5,11,1,0,0,0,0
0,35,5,9,1,21,3,7,1,0,0,0,1
0,68,5,10,4,53,5,8,1,0,0,0,1
1,63,5,6,1,64,13,1,0,0,1,0,0
1,92,2,6,5,56,1,10,1,0,0,0,1
1,80,1,1,4,46,7,6,0,0,0,0,1
1,59,3,2,1,64,16,7,0,0,0,0,0
1,115,4,5,5,61,8,8,0,1,0,1,1
0,109,1,0,2,70,2,3,1,0,1,1,1
1,82,3,7,1,53,19,8,0,1,0,0,1
1,53,2,5,3,68,2,9,1,0,0,0,1
1,108,1,7,0,67,3,1,1,0,1,0,0
1,97,2,1,3,19,10,5,0,1,0,1,0
0,47,2,8,4,44,3,3,1,0,0,0,0
1,56,5,5,5,61,2,8,1,0,0,0,1
0,31,2,9,4,59,8,10,0,1,0,0,1
1,53,5,0,1,35,5,1,1,0,0,0,1
1,53,2,5,2,44,19,2,0,1,0,1,0
0,61,4,5,3,39,23,6,1,0,0,0,0
0,111,5,3,1,32,22,11,1,0,0,1,0
1,87,5,7,3,29,7,10,0,0,0,0,0
1,71,1,4,1,19,1,9,1,0,0,1,1
1,115,3,8,4,58,10,2,0,1,1,0,1
0,34,1,8,3,59,13,9,0,0,0,1,1
0,114,1,3,2,55,12,11,0,0,0,0,1
1,89,3,7,1,19,17,5,0,1,0,0,1
0,94,1,1,2,40,21,1,1,0,0,0,1
0,31,4,3,5,49,9,3,0,1,0,0,1
1,109,3,3,0,18,3,9,1,0,0,1,1
1,49,1,2,0,45,7,12,0,0,0,0,1
1,119,5,8,0,43,2,2,1,0,0,1,0
0,114,4,5,3,30,6,8,0,0,0,1,0
1,56,5,10,1,45,17,2,0,1,1,0,0
1,120,5,1,4,70,18,10,0,1,1,0,1
1,106,1,1,1,41,22,10,1,0,1,1,0
1,79,2,1,2,27,21,9,1,0,0,0,0
0,99,5,10,2,59,16,6,0,0,0,1,0
0,71,2,0,1,46,10,9,0,1,1,1,0
1,58,5,10,0,18,4,5,1,0,0,0,0
1,54,4,0,2,19,13,6,0,0,0,1,0
0,72,1,4,0,37,22,2,1,0,1,1,0
0,115,5,8,5,39,13,12,0,0,0,0,0
1,73,4,1,4,27,5,4,1,0,0,0,1
0,85,2,2,3,29,17,6,0,1,0,0,1
0,30,1,0,4,23,9,1,0,1,0,0,1
1,41,3,2,5,31,20,6,1,0,0,0,1
0,64,5,2,4,64,5,9,1,0,0,0,0
1,67,1,8,2,60,3,10,1,0,0,0,1
1,100,4,7,2,34,15,10,0,0,0,0,0
1,109,5,8,2,48,9,6,0,1,0,1,1
1,36,3,7,2,46,8,1,0,1,0,0,1
0,107,5,1,1,28,10,1,0,1,1,1,1
0,33,5,6,3,29,11,10,0,0,0,1,1
1,38,1,3,0,60,8,4,0,1,1,0,0
1,114,3,3,2,19,14,3,0,0,0,0,1
1,76,2,5,3,19,21,7,1,0,0,0,0
1,50,1,9,1,64,21,10,1,0,0,0,1
0,65,4,0,5,62,23,12,1,0,0,1,0
1,93,2,2,5,50,9,6,0,1,1,0,0
0,83,3,6,2,57,11,10,0,0,0,1,1
1,114,5,9,1,44,6,10,0,0,1,0,1
1,112,3,4,0,62,22,10,1,0,0,0,0
1,100,2,10,3,37,16,9,0,0,0,0,1
1,66,5,7,0,53,13,4,0,0,0,0,1
1,109,1,9,4,21,16,2,0,0,0,0,1
1,108,5,5,1,33,5,1,1,0,0,0,1
1,45,3,8,4,34,7,4,0,0,1,0,0
1,88,4,3,2,44,14,2,0,0,0,0,1
0,110,4,8,0,50,14,12,0,0,0,1,1
0,41,5,2,5,21,22,8,1,0,0,0,0
1,102,1,1,5,52,17,11,0,1,0,0,0
0,45,4,9,5,66,4,1,1,0,0,0,1
1,65,2,5,0,42,4,4,1,0,1,1,1
0,46,5,5,4,49,8,1,0,1,0,0,0
1,61,2,0,2,23,5,3,1,0,0,0,0
1,100,4,2,3,67,6,1,0,0,0,0,1
1,71,1,9,1,54,18,4,0,1,0,1,1
1,115,4,5,4,25,20,9,1,0,0,0,1
0,91,4,6,5,22,3,3,1,0,0,0,0
1,97,1,0,3,45,18,1,0,1,1,0,0
1,100,2,4,0,28,21,7,1,0,0,0,1
1,65,3,4,0,59,23,11,1,0,0,1,0
1,35,4,7,2,67,15,10,0,0,0,0,1
0,86,2,10,1,56,10,10,0,1,0,0,1
0,70,2,8,2,27,15,11,0,0,1,0,0
1,113,1,1,2,28,19,6,0,1,0,1,1
0,55,3,3,5,37,7,2,0,0,0,0,0
1,114,1,0,2,38,22,2,1,0,0,1,0
1,100,4,7,0,56,4,8,1,0,1,0,1
1,81,2,6,2,70,5,6,1,0,0,0,1
1,53,5,8,4,51,3,6,1,0,0,0,0
0,93,4,9,1,62,3,2,1,0,0,0,1
0,52,3,5,3,52,20,3,1,0,1,0,1
1,101,3,8,2,68,21,8,1,0,0,0,1
1,99,5,6,0,48,22,3,1,0,0,1,0
1,111,4,4,0,32,1,7,1,0,0,0,1
0,59,1,8,0,42,10,12,0,1,0,0,0
0,43,1,4,4,52,17,12,0,1,0,0,0
1,46,4,8,4,50,18,11,0,1,0,0,1
1,115,1,3,0,29,10,12,0,1,0,0,1
1,108,3,8,4,45,9,3,0,1,0,0,1
1,84,4,4,3,47,17,3,0,1,0,1,0
0,79,3,5,1,36,18,9,0,1,1,0,0
1,114,5,7,1,43,2,5,1,0,1,0,0
0,60,2,6,4,44,5,1,1,0,0,0,1
1,107,3,8,2,68,13,3,0,0,1,0,1
1,36,3,5,4,69,17,5,0,1,1,0,0
1,91,2,6,2,20,7,8,0,0,0,0,1
1,88,3,9,1,20,9,3,0,1,0,0,0
1,50,3,7,0,57,21,2,1,0,0,0,1
0,108,2,4,1,29,10,7,0,1,0,1,1
1,52,1,10,3,68,1,2,1,0,0,1,1
0,49,3,0,2,30,13,11,0,0,0,0,0
1,120,5,0,3,53,6,5,0,0,0,0,0
0,32,2,9,0,62,2,1,1,0,0,0,1
1,76,3,8,4,33,10,3,0,1,0,1,0
0,65,1,7,3,64,9,8,0,1,1,0,1
1,44,5,5,4,23,19,12,0,1,0,0,1
1,30,1,5,3,36,12,12,0,0,0,0,0
1,100,3,9,5,47,11,2,0,0,1,0,0
1,118,1,3,0,68,5,11,1,0,0,0,1
0,119,4,0,3,30,22,6,1,0,0,0,0
0,72,4,4,2,58,3,3,1,0,0,1,0
1,99,5,6,4,60,2,12,1,0,1,1,1
0,107,1,8,0,18,3,9,1,0,0,0,1
0,33,5,3,0,58,20,12,1,0,1,0,1
1,118,3,0,2,42,2,8,1,0,0,0,1
1,78,5,5,4,56,10,2,0,1,0,0,0
0,74,5,4,3,43,1,1,1,0,0,1,1
1,86,3,3,0,23,10,7,0,1,0,1,1
0,47,2,8,5,57,19,1,0,1,1,0,1
1,60,1,9,2,28,20,6,1,0,0,1,1
1,40,5,1,3,66,7,9,0,0,0,0,1
